,MenuItemId,MenuCategoryId,Name,Description,Price,Likes,UserLiked,Image
0,fd0484cd-7faa-44a9-b156-5db089c86316,e8c79b79-bf2e-437c-bc31-03ea9466b65a,دیزی مخصوص بهار,,۹۳۰۰۰ تومان ,0,False,
1,b5ef8a5d-46fb-40df-b957-7f042722048e,e8c79b79-bf2e-437c-bc31-03ea9466b65a,دیزی بز باش,,۱۱۰۰۰۰ تومان ,0,False,
2,be51d581-7353-4382-a30e-a71e3901ff21,e8c79b79-bf2e-437c-bc31-03ea9466b65a,دیزی ممتاز بهار,,۱۳۹۰۰۰ تومان ,1,False,
3,8a1a86c2-efce-434e-947e-f6418ed5351a,e8c79b79-bf2e-437c-bc31-03ea9466b65a,دیزی اقتصادی بهار,,۸۹۰۰۰ تومان ,0,False,
4,ca302ba4-d88c-4647-97af-dc6b6368a836,3cd68ad0-6f9c-4c27-b9e4-127da7dccff7,ترشی هفته بیجار,,۱۱۰۰۰ تومان ,0,False,
5,f6f0e6d8-83c7-4f84-8acf-df428c099594,3cd68ad0-6f9c-4c27-b9e4-127da7dccff7,سیرترشی خانگی,,۱۲۰۰۰ تومان ,0,False,
6,58e68e03-1c55-4a78-8d1f-64d4cb0905c9,1824df59-724e-40bf-9d4a-5b664b7e96e7,سوسیس و تخم مرغ,,۳۷۰۰۰ تومان ,0,False,
7,59d84262-e4df-46d1-9dbc-7959432d0294,1824df59-724e-40bf-9d4a-5b664b7e96e7,املت,,۲۹۹۰۰ تومان ,0,False,
8,764b3b7c-29e1-4f39-a510-a455a95065d2,1824df59-724e-40bf-9d4a-5b664b7e96e7,املت با گوجه و کره,,۳۶۰۰۰ تومان ,0,False,
9,61eafdb4-8952-4a9b-bb2e-ba1b9f01754c,1824df59-724e-40bf-9d4a-5b664b7e96e7,نیمرو,,۲۷۹۰۰ تومان ,0,False,
10,7104953e-4393-4beb-a1df-f41d19be5eaa,44f6b6d7-8270-47f3-88f7-61a20094ceca,کباب تابه ای,,42000 تومان ,0,False,
11,41861661-6c23-41dc-a7b2-6c5d4520ffea,7aca36d1-eade-4663-bf41-b9ed34d6961c,کباب تابه ای,,۵۹۰۰۰ تومان ,0,False,
12,97604e37-e976-435f-854f-79a1d73e7e29,7aca36d1-eade-4663-bf41-b9ed34d6961c,کباب تابه ای با تخم مرغ عسلی,,۶۵۰۰۰ تومان ,0,False,
13,e9d9cc24-33e2-449b-8560-595f676f4f22,3cd68ad0-6f9c-4c27-b9e4-127da7dccff7,ماست ساده,250 گرمی,26000 تومان ,0,False,
14,f34f30d2-dd7c-4484-9681-a56b395ebda7,3cd68ad0-6f9c-4c27-b9e4-127da7dccff7,سالاد مخصوص سیدجلال,ترکیب ترشی سالادیونانی و سالادفصل و سس مخصوص سیدجلال,41000 تومان ,0,False,
15,e4bf6540-8b10-4365-b555-c71afafe4153,3cd68ad0-6f9c-4c27-b9e4-127da7dccff7,زیتون پرورده مخصوص,250گرم,41000 تومان ,0,False,
16,426696ee-afa3-4143-8ef6-d1ccf6036ab1,3cd68ad0-6f9c-4c27-b9e4-127da7dccff7,ماست و خیار,.,28000 تومان ,0,False,
17,2961e8a9-c0c9-4b6b-bcb0-d43fac18d0a1,3cd68ad0-6f9c-4c27-b9e4-127da7dccff7,ماست موسیر محلی,250گرم ماست چکیده موسیر,32000 تومان ,0,False,
18,a4167b2c-a3a4-4d99-b0cf-dc6857c9f2ab,3cd68ad0-6f9c-4c27-b9e4-127da7dccff7,سالاد شیرازی,.,28000 تومان ,0,False,
19,1d1074b4-42f4-4ed4-a4c3-14c0f6b8ff30,03f49e2a-7428-4e2f-9d7b-290473a14d56,چلوخورشت قیمه سیب زمینی,400 گرم برنج  300گرم خورشت ته دیگ,120000 تومان ,0,False,
20,13085b06-f292-45c8-aeca-1bbec771b874,03f49e2a-7428-4e2f-9d7b-290473a14d56,خورشت فسنجان با گوشت,300 گرم خورشت بدون برنج,120000 تومان ,0,False,
21,e6befda1-3755-49d4-85c3-3c1668e50c40,03f49e2a-7428-4e2f-9d7b-290473a14d56,چلو خورشت فسنجان با مرغ,300 گرم خورشت  با تکه های مرغ سینه400 گرم برنج تهدیگ,152000 تومان ,0,False,
22,bad66be0-19d6-4f35-9269-477d64f020dc,03f49e2a-7428-4e2f-9d7b-290473a14d56,چلو خورشت قیمه بادمجان,400 گرم برنج  300گرم خورشت ته دیگ بادمجان,120000 تومان ,0,False,
23,2382c5ed-7749-43ab-973a-70f6df1db0bd,03f49e2a-7428-4e2f-9d7b-290473a14d56,قیمه میکس مخصوص سیدجلال,کاملا 2 الی 3 نفره یک ظرف ته چین و یک ظرف چلو به همراه خورشت قیمه سیب زمینی و بادمجان,333000 تومان ,0,False,
24,3f12a7ac-8410-4422-90ff-9d3574e04c5c,03f49e2a-7428-4e2f-9d7b-290473a14d56,چلو خورشت قورمه سبزی,400 گرم برنج  300گرم خورشت ته دیگ,120000 تومان ,0,False,
25,bbfc42d1-af44-40f0-9505-a5ff4a0c427e,03f49e2a-7428-4e2f-9d7b-290473a14d56,خورشت فسنجان با مرغ,300 گرم خورشت بدون برنج با تکه های مرغ سینه,110000 تومان ,0,False,
26,357434fd-81da-40d1-8805-ac6f7ede6602,03f49e2a-7428-4e2f-9d7b-290473a14d56,خورشت قیمه بادمجان,300گرم خورشت قیمه بادمجان,92000 تومان ,0,False,
27,fc8c6bf2-fdeb-429f-a5e9-c0a98ad754bb,03f49e2a-7428-4e2f-9d7b-290473a14d56,خورشت قیمه سیب زمینی,300گرم خورشت قیمه سیب زمینی بدون برنج,92000 تومان ,0,False,
28,e287abb5-c39a-4dd4-8179-c59520fffa2c,03f49e2a-7428-4e2f-9d7b-290473a14d56,چلو خورشت کرفس,400 گرم برنج  300گرم خورشت ته دیگ,120000 تومان ,0,False,
29,a3e77100-58ab-451e-8d85-cf47e2fece89,03f49e2a-7428-4e2f-9d7b-290473a14d56,خورشت قورمه سبزی,300 گرم خورشت,92000 تومان ,0,False,
30,1fa34010-abd9-4040-8dad-df020ca4e11b,03f49e2a-7428-4e2f-9d7b-290473a14d56,چلو خورشت فسنجان با گوشت قلقلی,300 گرم خورشت 400 گرم برنج تهدیگ,163000 تومان ,0,False,
31,03290c84-9054-459a-aa81-fa096f47fcfe,03f49e2a-7428-4e2f-9d7b-290473a14d56,خورشت کرفس,300گرم خورشت,92000 تومان ,0,False,
32,0376f60f-cdec-4004-96c1-1f949d783008,2033ceff-ad00-43c3-b7af-5bdba535da15,کشک بادمجان(300گرمی),300 گرم کشک بادمجان به همراه تزیینات,90000 تومان ,0,False,
33,93187423-d103-435a-b424-22fb2a895bf7,2033ceff-ad00-43c3-b7af-5bdba535da15,کتف کبابی,8عدد کتف سیب زمینی گوجه فلفل,157000 تومان ,0,False,
34,f262b056-1bb7-4c7e-b8fd-2a7300cf40b8,2033ceff-ad00-43c3-b7af-5bdba535da15,خوراک ماهی قزل آلا,ماهی کامل قزل سیب زمینی برنج زعفرانی تهدیگ,140000 تومان ,0,False,
35,b135256c-8a4e-4d12-b7d1-56798c5885ba,2033ceff-ad00-43c3-b7af-5bdba535da15,کشک بادمجان 1 کیلویی,.1 کیلو کشک بادمجان به همراه تزیینات مخصوص مهمانی,240000 تومان ,0,False,
36,9595cb1d-6bbd-4e30-93a4-642a2983ab3d,2033ceff-ad00-43c3-b7af-5bdba535da15,خوراک کباب لقمه نگین دار,350 گرم لقمه نگین دار گوجه فلفل ته دیگ و سیب زمینی,179000 تومان ,0,False,
37,fb91c4fc-ee20-4741-bf3a-66b59f2b1cb6,2033ceff-ad00-43c3-b7af-5bdba535da15,سیب زمینی سرخ کرده,-,60000 تومان ,0,False,
38,066e59b6-4d07-464c-9130-70dec280f35e,2033ceff-ad00-43c3-b7af-5bdba535da15,خوراک کباب میکس مخصوص با جوجه سینه,300 گرم جوجه سینه 160گرم لقمه گوجه فلفل ته دیگ و سیب زمینی,195000 تومان ,0,False,
39,2cb91683-a3ff-4afb-bdae-766d60e34e85,2033ceff-ad00-43c3-b7af-5bdba535da15,میرزا قاسمی 1کیلویی,1 کیلو میرزاقاسمی با تزیینات مخصوص مهمانی,260000 تومان ,0,False,
40,fc4e7299-a1ea-4d68-8db4-7c3105a9ffe8,2033ceff-ad00-43c3-b7af-5bdba535da15,میرزا قاسمی (300گرمی),300 گرم میرزاقاسمی گوجه,90000 تومان ,0,False,
41,59b57866-22e6-4355-9704-886f3946bd13,2033ceff-ad00-43c3-b7af-5bdba535da15,خوراک کوبیده2سیخ 100 گرمی,2 سیخ 100 گرمی گوجه فلفل ته دیگ سیب زمینی,155000 تومان ,0,False,
42,e41f5bee-b41e-4896-b691-8aa42e207f73,2033ceff-ad00-43c3-b7af-5bdba535da15,سوپ سرآشپز,سوپ جو مخصوص,46000 تومان ,0,False,
43,44c07591-6797-4a1a-aef1-9ff76e6b8d5b,2033ceff-ad00-43c3-b7af-5bdba535da15,خوراک جوجه کباب ران300گرمی,1 سیخ جوجه 300 گرمی سیب زمینی ته دیگ برنج زعفرانی,158000 تومان ,0,False,
44,6dc4c36a-e39b-4399-9852-a2e0a36f7765,2033ceff-ad00-43c3-b7af-5bdba535da15,پاچینی با سیب زمینی,7 تکه کتف سوخاری سیب زمینی,148000 تومان ,0,False,
45,ce3f013b-694b-4a57-8b1a-a4d5172e9d46,2033ceff-ad00-43c3-b7af-5bdba535da15,شنیسل مرغ با سیب زمینی,250 گرم سینه مرغ سیب زمینی,145000 تومان ,0,False,
46,b5123114-ba3d-4c1d-8491-b5a33d66075e,2033ceff-ad00-43c3-b7af-5bdba535da15,خوراک  مرغ,1 عدد ران یا سینه مرغ سیب زمینی بادمجان برنج زعفرانی,138000 تومان ,0,False,
47,6ef1747f-0e6c-4a29-8fc4-b71a404da0d3,2033ceff-ad00-43c3-b7af-5bdba535da15,خوراک جوجه با استخوان,یک سیخ جوجه کباب با استخوان 600 گرمی، برنج زعفرانی، گوجه، فلفل، ته دیگ سیب زمینی,168000 تومان ,0,False,
48,961544ff-42d9-4e9a-8a67-c043d94c0c38,2033ceff-ad00-43c3-b7af-5bdba535da15,خوراک فیله میکس مخصوص سیدجلال,یک سیخ فیله گوساله و یک سیخ جوجه سینه 300گرمی به همراه یک تکه ته چین سیب زمینی و گوجه,305000 تومان ,0,False,
49,4cdbeb6a-525c-4cd9-9691-c0a074c07648,2033ceff-ad00-43c3-b7af-5bdba535da15,خوراک کباب میکس مخصوص با جوجه ران,160گرم کباب لقمه 300گرم جوجه ران به همراه یک تکه ته چین و گوجه و سیب زمینی,199000 تومان ,0,False,
50,e4ce09eb-dc39-4813-b5aa-c90df555e7c0,2033ceff-ad00-43c3-b7af-5bdba535da15,خوراک جوجه کباب سینه300گرمی,1 سیخ جوجه 300 گرمی گوجه فلفل سیب زمینی برنج زعفرانی ته دیگ,155000 تومان ,0,False,
51,43b6c3e3-430d-457d-8010-cb02cd4014b5,2033ceff-ad00-43c3-b7af-5bdba535da15,دیگی کباب با سس قارچ,300 گرم گوشت سیب زمینی سس قارچ,163000 تومان ,0,False,
52,19590cdd-0702-4ef0-bda5-d9940d1dd3fc,2033ceff-ad00-43c3-b7af-5bdba535da15,بال سوخاری  سیب زمینی,10تکه بال سوخاری سیب زمینی گوجه,157000 تومان ,0,False,
53,eb0f6487-e6da-4a27-9f7b-dfedbf8f700e,2033ceff-ad00-43c3-b7af-5bdba535da15,خوراک ماهیچه,500 گرم ماهیچه گوسفندی  سیب زمینی  تهدیگ برنج زعفرانی,320000 تومان ,0,False,
54,b9cd97b1-f05f-42be-a118-e2e5ccf32648,2033ceff-ad00-43c3-b7af-5bdba535da15,گوجه اضافه تک سیخ,3 عدد گوجه کامل,25000 تومان ,0,False,
55,8665366c-aa50-4785-9ff2-e485fb9d9f38,2033ceff-ad00-43c3-b7af-5bdba535da15,لقمه زعفرانی300گرمی (سیخی),,155000 تومان ,0,False,
56,4bb52d94-0b88-404d-b6f1-f08932a98670,2033ceff-ad00-43c3-b7af-5bdba535da15,خوراک لقمه زعفرانی 300 گرمی,300 گرم لقمه گوجه فلفل ته دیگ سیب زمینی,169000 تومان ,0,False,
57,41ac94e5-d5dd-48d0-9d57-f9161337d503,2033ceff-ad00-43c3-b7af-5bdba535da15,بال کبابی (10 تکه ),10 عدد بال سیب زمینی ته دیگ گوجه فلفل برنج زعفرانی,152000 تومان ,0,False,
58,42d968c7-ce98-4985-9de6-017e767f6e29,2ab65f86-582d-464a-ae72-757bc62eebe6,ترشی کلم,.,26000 تومان ,0,False,
59,f1b4c9d4-913a-46c2-b8cc-6f33ecc6d34d,2ab65f86-582d-464a-ae72-757bc62eebe6,شور مخلوط کلم,.,26000 تومان ,0,False,
60,b7b955ae-da67-4f93-929a-0a982a4668d7,49d7679a-af4d-40e8-884e-e64493983345,ته چین با کباب میکس جوجه ران,5 تکه ته چین برنج زعفرانی زرشک 1 سیخ چوچه 1 سیخ کوبیده گوه فلفل سیب زمینی,264000 تومان ,0,False,
61,e636406d-4a8a-405d-abfa-217aaeb4a129,49d7679a-af4d-40e8-884e-e64493983345,ته چین با خورشت کرفس,5 تکه ته چین برنج زعفرانی زرشک به همراه یک ظرف خورشت,160000 تومان ,0,False,
62,14a783b3-a45a-46f5-af78-24aae9c5534a,49d7679a-af4d-40e8-884e-e64493983345,ته چین با کباب فیله میکس,5 تکه ته چین برنج زعفرانی زرشک 1 سیخ جوجه 1 سیخ فیله گوساله گوجه فلفل سیب زمینی,374000 تومان ,0,False,
63,2366c303-ea6e-4f59-81a1-25a036770356,49d7679a-af4d-40e8-884e-e64493983345,ته چین با خورشت فسنجان مرغ,5 تکه ته چین برنج زعفرانی زرشک به همراه یک ظرف خورشت با تکه های مرغ سینه,182000 تومان ,0,False,
64,479200e5-34fa-42cf-980e-3656331bc3b4,49d7679a-af4d-40e8-884e-e64493983345,ته چین با کباب دیگی 300گرمی,5تکه ته چین همراه کباب دیگی و گوجه و مقداری سیب زمینی,221000 تومان ,0,False,
65,446c4efe-7ec7-4db9-89d4-4a132fb82995,49d7679a-af4d-40e8-884e-e64493983345,ته چین با لقمه نگین دار,5 تکه ته چین برنج زعفرانی زرشک 1 سیخ گین دترگوجه و فلف و سیب زمینی,240000 تومان ,0,False,
66,1b809010-30ad-466c-a6b6-60ee237fef42,49d7679a-af4d-40e8-884e-e64493983345,ته چین با جوجه ران 300گرمی,5تکه ته چین به همراه 300گرم جوجه ران گوجه فلفل و مقداری سیب زمینی,225000 تومان ,0,False,
67,a5c3874a-a23b-4987-b2fb-61a5d592d48a,49d7679a-af4d-40e8-884e-e64493983345,ته چین با کباب میکس جوجه سینه,5 تکه ته چین برنج زعفرانی زرشک 1 سیخ جوجه 1 سیخ کوبیده گوجه فلفل سیب زمینی,260000 تومان ,0,False,
68,f1de2761-4c63-42a2-aeb4-658a71686a6e,49d7679a-af4d-40e8-884e-e64493983345,ته چین با مرغ ( ران و سینه ),ته چین  450 گرم برنج زعفرانی زرشک و بادمجان به همراه یک تکه مرغ ران یا سینه,176000 تومان ,0,False,
69,ef240f66-0625-495a-8760-858f2d4552ce,49d7679a-af4d-40e8-884e-e64493983345,ته چین با خورشت فسنجان گوشت,5 تکه ته چین برنج زعفرانی زرشک به همراه یک ظرف خورشت,193000 تومان ,0,False,
70,38407397-a0d2-44de-8347-8df3e45c72fa,49d7679a-af4d-40e8-884e-e64493983345,ته چین با کباب مخصوص سیدجلال,5 تکه ته چین برنج زعفرانی زرشک 1 سیخ فیله گوساله 1 سیخ کوبیده گوجه فلفل سیب زمینی,374000 تومان ,0,False,
71,6df9db7d-84d1-4f87-9ec3-8fdfbbc6024e,49d7679a-af4d-40e8-884e-e64493983345,ته چین با خورشت قورمه سبزی,5 تکه ته چین برنج زعفرانی زرشک به همراه یک ظرف خورشت,160000 تومان ,0,False,
72,192a6b96-382f-42eb-a116-9f072cb001d5,49d7679a-af4d-40e8-884e-e64493983345,ته چین با جوجه با استخوان 700گرمی,5تکه ته چین به همراه 700گرم جوجه با استخوان و گوجه و فلفل و مقداری سیب زمینی,247000 تومان ,0,False,
73,9ae1f739-5380-4211-aae4-b5c8ecf3b24f,49d7679a-af4d-40e8-884e-e64493983345,ته چین با خورشت قیمه بادمجان,5 تکه ته چین برنج زعفرانی زرشک به همراه یک ظرف خورشت,160000 تومان ,0,False,
74,bdb469f8-bd34-4459-bc41-d65bc9f43547,49d7679a-af4d-40e8-884e-e64493983345,ته چین با خورشت قیمه سیب زمینی,5 تکه ته چین برنج زعفرانی زرشک به همراه یک ظرف خورشت,160000 تومان ,0,False,
75,5ca0825a-1f5a-428a-b4fe-f00990152626,49d7679a-af4d-40e8-884e-e64493983345,ته چین با جوجه سینه 300گرمی,5 تکه ته چین به همراه 300 گرم جوجه سینه گوجه فلفل و مقداری سیب زمینی,220000 تومان ,0,False,
76,4ffff536-adfe-46a5-a3f7-fa576515dcaa,49d7679a-af4d-40e8-884e-e64493983345,ته چین با کباب لقمه مخصوص,یک پرس ته چین با یک سیخ کباب لقمه مخصوص 300 گرمی,233000 تومان ,0,False,
77,2bd3f8fa-e9d7-47c8-9871-080d16a51b27,e62e30fa-be15-4f92-958c-ff0a1737fa1d,لوبیا پلو با گوشت تکه ای,400 گرم برنج تهدیگ,130000 تومان ,0,False,
78,f1758b5e-e9f8-429a-b319-2d182e63e82b,e62e30fa-be15-4f92-958c-ff0a1737fa1d,چلو ماهی قزل آلا کامل,400 گرم برنج یک ماهی کامل تهدیگ,150000 تومان ,0,False,
79,194fe18a-8aed-4c2a-abe2-2d448bee8967,e62e30fa-be15-4f92-958c-ff0a1737fa1d,چلو ماهیچه گوسفندی (500گرمی),400 گرم برنج 500 گرم ماهیچه ته دیگ,340000 تومان ,0,False,
80,f5a0de93-931b-4164-8bae-2e683e17830c,e62e30fa-be15-4f92-958c-ff0a1737fa1d,عدس پلو با گوشت و کشمش,400 گرم برنج 200گرم گوشت چرخکرده و کشمش,130000 تومان ,0,False,
81,5838db97-dd4b-4ef4-ae2a-3c4c9636da6c,e62e30fa-be15-4f92-958c-ff0a1737fa1d,زرشک پلو با مرغ تازه,400 گرم برنج و 450 گرم مرغ ته دیگ,138000 تومان ,0,False,
82,268c955a-c845-4d0b-94f1-50fc55e79de0,e62e30fa-be15-4f92-958c-ff0a1737fa1d,باقالی پلو با ماهیچه,400 گرم باقالی پلو 500 گرم ماهیچه  ته دیگ,340000 تومان ,0,False,
83,4ac659f3-f44d-48d7-a26f-5596bd708c17,e62e30fa-be15-4f92-958c-ff0a1737fa1d,چلو کدو و مرغ,400 گرم برنج 450 گرم مرغ زرشک کدو تهدیگ,143000 تومان ,0,False,
84,0acadc7d-9e5f-4767-afea-6e54ef56a22f,e62e30fa-be15-4f92-958c-ff0a1737fa1d,باقالی پلو با مرغ,400 گرم باقالی پلو  450 گرم مرغ ته دیگ,149000 تومان ,0,False,
85,731ecc5a-f7a8-478a-81f3-7bfd390e7427,e62e30fa-be15-4f92-958c-ff0a1737fa1d,سبزی پلو,400 گرم سبزی پلو,60000 تومان ,0,False,
86,152e44a1-3885-4e5f-ba2e-94153893d1d1,e62e30fa-be15-4f92-958c-ff0a1737fa1d,چلو گردن مخصوص,400 گرم برنج 500 گرم گردن ته دیگ,330000 تومان ,0,False,
87,92ff380d-532f-4856-9cf5-9900fe25b09f,e62e30fa-be15-4f92-958c-ff0a1737fa1d,چلو کره,400 گرم برنج   کره و ته دیگ,55000 تومان ,0,False,
88,08d0d94c-3cec-4b05-9bdf-a6631f29f2ea,e62e30fa-be15-4f92-958c-ff0a1737fa1d,چلو مرغ و بادمجان,400 گرم برنج 450 گرم مرغ بادمجان زرشک تهدیگ,143000 تومان ,0,False,
89,a5af7ec9-90ff-4e51-8576-a7ee0a372d03,e62e30fa-be15-4f92-958c-ff0a1737fa1d,سبزی پلو با ماهی قزل آلا,400 گرم برنج 1 عدد ماهی کامل تهدیگ,150000 تومان ,0,False,
90,205feafb-d996-4a6f-8244-b8bc375f7f0c,e62e30fa-be15-4f92-958c-ff0a1737fa1d,باقالی پلو,400 گرم باقالی پلو,60000 تومان ,0,False,
91,9286f9c0-3d54-4dad-ba36-de30b3fb3a3c,e62e30fa-be15-4f92-958c-ff0a1737fa1d,باقالی پلو گردن گوسفندی,400 گرم برنج گردن 500 گرمی گوسفندی تهدیگ,330000 تومان ,0,False,
92,e6fe9382-7c0f-42c9-8a23-41d9f2679ee4,e6ea5afe-fec2-4bd2-b2d1-6de79a456cc5,ته چین اضافه تکه ای,یک تکه ته چین اضافه,24000 تومان ,0,False,
93,fd9920b0-b60d-4e12-9507-42256b98cdd1,e6ea5afe-fec2-4bd2-b2d1-6de79a456cc5,سس قارچ اضافه,یک ظرف سس قارچ اضافه,35000 تومان ,0,False,
94,fff4b32e-e229-4bf1-92c9-4f8df30ed6d1,e6ea5afe-fec2-4bd2-b2d1-6de79a456cc5,بادمجان سرخ شده یک پرس,یک ظرف بادمجان سرخ شده,28000 تومان ,0,False,
95,a0ac9d97-a50d-486c-9dc2-5db8be404af6,e6ea5afe-fec2-4bd2-b2d1-6de79a456cc5,سیب زمینی قیمه ای یک ظرف,یک ظرف کوچک سیب زمینی خلالی اضافه,10000 تومان ,0,False,
96,3dd2a0c6-f7b0-4c4b-bd00-61057db7859d,e6ea5afe-fec2-4bd2-b2d1-6de79a456cc5,سس سالاد اضافه,سس سالاد اضافه یک ظرف,5000 تومان ,0,False,
97,5f7ef558-5b62-4b5d-9eec-95cb8bc13989,e6ea5afe-fec2-4bd2-b2d1-6de79a456cc5,کشک اضافه,,5000 تومان ,0,False,
98,8e4dbc81-5adf-424b-8797-a0092f0f81f1,e6ea5afe-fec2-4bd2-b2d1-6de79a456cc5,فلفل کبابی تک سیخ,یک سیخ فلفل کبابی,15000 تومان ,0,False,
99,75cba36c-ca16-4f09-aab9-d9fc8e534370,e6ea5afe-fec2-4bd2-b2d1-6de79a456cc5,زرشک اضافه,زرشک اضافه روی غذا,10000 تومان ,0,False,
100,f0d00807-b81d-42f0-98a2-04d9041e8e79,da5bf5d0-207c-426a-97db-d39979a29aff,چلوکباب میکس مخصوص با جوجه ران,160گرم لقمه 300گرم جوجه ران و یک ظرف برنج و گوجه و یک تکه تهچین,207000 تومان ,0,False,
101,b2e6e9f8-6029-4bb9-ab17-1a1503a2ff74,da5bf5d0-207c-426a-97db-d39979a29aff,چلو کباب میکس مخصوص با جوجه سینه (160گرم لقمه، 300گرم جوجه ),300 گرم جوجه 160سینه گرم لقمه گوجه فلفل کره ته دیگ 400 گرم برنج,203000 تومان ,0,False,
102,7bec5275-721b-41cf-82fb-226f8f3206e0,da5bf5d0-207c-426a-97db-d39979a29aff,چلوکباب فیله مخصوص,250گرم فیله گوساله 400 گرم برنج به همراه یک تکه ته چین,264000 تومان ,0,False,
103,207e019a-d7c2-4d75-80df-44e1befe550b,da5bf5d0-207c-426a-97db-d39979a29aff,چلوفیله میکس مخصوص سیدجلال,یک سیخ فیله گوساله 250گرمی و یک سیخ جوجه سینه 300گرمی به همراه برنج گوجه و یک تکه ته چین,313000 تومان ,0,False,
104,6c0007b3-f785-4215-aa94-51b670ef7195,da5bf5d0-207c-426a-97db-d39979a29aff,چلو کباب دیگی مخصوص (300 گرمی),300 گرم گوشت 400 گرم برنج گوجه,163000 تومان ,0,False,
105,7baafd0f-8f8e-42ee-b2f8-896f8b1118fe,da5bf5d0-207c-426a-97db-d39979a29aff,چلو جوجه کباب با استخوان جوجه کامل(500گرم),1 جوجه کامل  600گرمی 400 گرم برنج گوجه فلفل ته دیگ کره,176000 تومان ,0,False,
106,e1b9c60d-f001-4646-b591-9984c3bfccbc,da5bf5d0-207c-426a-97db-d39979a29aff,چلو لقمه نگین دار (350گرمی),350 گرم لقمه نگین دار 400 گرم برنج  گوجه فلفل کره ته دیگ,187000 تومان ,0,False,
107,c2da0ca9-9cea-47ae-91ac-9e313bea85ac,da5bf5d0-207c-426a-97db-d39979a29aff,چلو جوجه کباب مخصوص ران (300 گرمی),1 سیخ 300 گرمی  جوجه ران 400 گرم برنج کره گوجه فلفل ته دیگ,165000 تومان ,0,False,
108,9e20ff19-3e66-447f-ab80-aa8c09a0ebc0,da5bf5d0-207c-426a-97db-d39979a29aff,چلو کباب لقمه  مخصوص (300گرمی),300 گرم لقمه  گوجه فلفل کره 400 گرم برنج ته دیگ,176000 تومان ,0,False,
109,9a1e594e-b0f9-44ae-b3bd-b1651f081f5d,da5bf5d0-207c-426a-97db-d39979a29aff,چلو جوجه کباب مخصوص سینه (300گرمی),1 سیخ جوجه 300 گرمی 400 گرم برنج گوجه فلفل ته دیگ کره,163000 تومان ,0,False,
110,81e7ff27-51b0-49d9-811b-ea435e8a765b,da5bf5d0-207c-426a-97db-d39979a29aff,چلوکباب مخصوص سید جلال,250گرم فیله گوساله به همراه یک سیخ لقمه 160گرمی 400گرم برنج وته چین,302000 تومان ,0,False,
111,32844160-3ea6-4985-875b-fe7a95efee80,da5bf5d0-207c-426a-97db-d39979a29aff,چلو کباب کوبیده ۲سیخ(۱۰۰گرمی),2 سیخ 100 گرمی 400 گرم برنج  گوجه فلفل کره ته دیگ,163000 تومان ,0,False,
112,4db4f03c-6440-432a-9f43-14f192836875,0a55fa45-810e-462f-907b-156db53f7cb9,نوشابه شیشه ای,طعم کولا و فانتا,,0,False,
113,b56db97e-423b-40ad-b42e-399d9ddfe58f,0a55fa45-810e-462f-907b-156db53f7cb9,نوشابه خانواده فانتا,,,0,False,
114,acfc0cd7-ca87-4f2d-b142-3e6fc8434064,0a55fa45-810e-462f-907b-156db53f7cb9,موهیتو,شیشه ای,,0,False,
115,0860d327-cd64-4cec-8977-512efee82b2f,0a55fa45-810e-462f-907b-156db53f7cb9,نوشابه خانواده زیرو,,,0,False,
116,6ffa10a8-b9a1-4f7d-9fbd-588d30f45371,0a55fa45-810e-462f-907b-156db53f7cb9,نوشابه قوطی,کوکا - فانتا - اسپرایت,,0,False,
117,6f253100-ed4a-40c0-9926-5a71f480f2d0,0a55fa45-810e-462f-907b-156db53f7cb9,آب معدنی,.,,0,False,
118,0387e781-4e1a-44e0-9b6d-5c164600dff5,0a55fa45-810e-462f-907b-156db53f7cb9,نوشابه قوطی اسپرایت,,,0,False,
119,4faefbed-0f87-40c0-8eb5-64fc5ef7dc5d,0a55fa45-810e-462f-907b-156db53f7cb9,نوشابه قوطی زیرو,,,0,False,
120,a5998bc8-c08e-473d-98fe-6e39f0d557b7,0a55fa45-810e-462f-907b-156db53f7cb9,لیموناد خانواده,نوشیدنی لیموناد خانواده,,0,False,
121,6ff81608-19d3-49e2-b3f3-706eab613650,0a55fa45-810e-462f-907b-156db53f7cb9,دلستر هی دی قوطی,دلستر هی دی قوطی در 3 طعم,,0,False,
122,428e5f85-70f9-4e96-9232-72f0af341391,0a55fa45-810e-462f-907b-156db53f7cb9,لیموناد تک نفره,نوشیدنی لیموناد شیشه ای تک نفره,,0,False,
123,851c5987-aff2-443d-8caf-8270489ee37b,0a55fa45-810e-462f-907b-156db53f7cb9,نوشابه خانواده کوکا,,,0,False,
124,aa3e3770-5198-4218-afa6-8a5e1570a783,0a55fa45-810e-462f-907b-156db53f7cb9,دوغ محلی خانواده,محلی,,0,False,
125,f25e1655-b2ac-45eb-8018-90408bef03e8,0a55fa45-810e-462f-907b-156db53f7cb9,نوشابه بطری,کوکا - فانتا - اسپرایت,,0,False,
126,52f5526d-b277-4f70-af7a-91b4bc207224,0a55fa45-810e-462f-907b-156db53f7cb9,دلسترهی دی خانواده,دلستر خانواده در 2 طعم,,0,False,
127,719496fa-e8a5-48c7-9d91-9eb60de7272b,0a55fa45-810e-462f-907b-156db53f7cb9,نوشابه خانواده اسپرایت,,,0,False,
128,2e01abb0-7eea-4bbf-aaf7-d7af3a2ce128,0a55fa45-810e-462f-907b-156db53f7cb9,دوغ محلی 500 سی سی سبزیجات,محلی,,0,False,
129,6524cc40-ef60-49e5-a866-e36fd79688bc,0a55fa45-810e-462f-907b-156db53f7cb9,ایستک قوطی,,,0,False,
130,505960f3-7731-4d8c-8aac-edf4b3e62694,0a55fa45-810e-462f-907b-156db53f7cb9,نوشابه قوطی کوکا,,,0,False,
131,1de6b97b-dcf1-49c9-ac1b-f9b2863be9a7,0a55fa45-810e-462f-907b-156db53f7cb9,نوشابه قوطی فانتا,,,0,False,
132,c69b6c74-8f7c-4cfb-a963-0a67a28fc3d0,0893d897-ece8-4b72-bfb6-00ea61363125,دوبل چیز برگر,دو عدد برگر دست ساز 260گرم گوشت تازه چرخ کرده میکس گوساله و گوسفندی، پنیر گودا دو عدد، سس مخصوص، کاهو، گوجه، خیارشور، نان به انتخاب شما,150000 تومان ,0,False,
133,c8c89c35-ebfe-4450-8022-5cdb46b8b02c,0893d897-ece8-4b72-bfb6-00ea61363125,همبرگر,یک عدد برگر دست ساز 160گرمی گوشت تازه چرخ کرده میکس گوساله و گوسفندی، سس مخصوص، کاهو، گوجه، خیارشور، نان به انتخاب شما,80000 تومان ,0,False,
134,bea9afcd-1157-4e03-85cb-72155fd8466d,0893d897-ece8-4b72-bfb6-00ea61363125,چیز برگر,یک عدد برگر دست ساز 160 گرمی گوشت تازه چرخ کرده میکس گوساله و گوسفندی، پنیر گودا، سس مخصوص، کاهو، گوجه، خیارشور، نان به انتخاب شما,85000 تومان ,0,False,
135,3644e1d4-e2e5-4658-98e4-a4973adc360c,0893d897-ece8-4b72-bfb6-00ea61363125,دوبل برگر,2 عدد برگر دست ساز320گرم گوشت تازه چرخ کرده میکس گوساله و گوسفندی، سس مخصوص، کاهو، گوجه، خیارشور، نان به انتخاب شما,125000 تومان ,0,False,
136,c908b9cd-2c27-42fd-b525-b001360652e7,0893d897-ece8-4b72-bfb6-00ea61363125,رویال برگر,یک عدد برگر دست ساز 160گرم گوشت تازه چرخ کرده میکس گوساله و گوسفندی، ژامبون گوشت 80٪یک ورق، ژامبون مرغ 90٪یک ورق، پنیر گودا، قارچ بلنچ، سس مخصوص، کاهو، گوجه فرنگی، خیارشور، نان به انتخاب شما,103000 تومان ,0,False,
137,9d101f32-a303-4816-96d3-db5f37129658,0893d897-ece8-4b72-bfb6-00ea61363125,برگر ویژه کباب,یک عددبرگر دست ساز 130 گرمی گوشت تازه چرخ کرده میکس گوساله و گوسفندی، پنیر گودا، قارچ بلنچ، سس مخصوص، کاهو، گوجه، خیارشور، نان به انتخاب شما,90000 تومان ,0,False,
138,b7f9301d-d695-4b6a-abad-e7e09e7094f4,0893d897-ece8-4b72-bfb6-00ea61363125,قارچ برگر,یک عدد برگر دست ساز 160گرمی گوشت تازه چرخ کرده میکس گوساله و گوسفندی، قارچ بلنچ، سس مخصوص، کاهو، گوجه، خیارشور، نان به انتخاب شما,85000 تومان ,0,False,
139,6ba49c1f-a308-424b-9fcf-1c83671ed2d2,aef46bb7-b6da-43e7-aa2f-081a67f30668,سیب زمینی سیب زمینی یک نفره ,,45000 تومان ,0,False,
140,b432c817-e5c7-4e74-a344-58e6644ab42b,aef46bb7-b6da-43e7-aa2f-081a67f30668,پنیر اضافه,,40000 تومان ,0,False,
141,e7fdf3dc-ddf1-4a9d-a62d-7a755f31898b,aef46bb7-b6da-43e7-aa2f-081a67f30668,سیب زمینی ویژه ,سیب زمینی سرخ شده، ژامبون خرد شده، قارچ، پنیرمیکس، فلفل دلمه ای سبز و قرمز,90000 تومان ,0,False,
142,33b6f200-7508-4db5-a328-837f8821880b,aef46bb7-b6da-43e7-aa2f-081a67f30668,قارچ سوخاری,,75000 تومان ,0,False,
143,781b1f1b-3c5d-4f69-bdb5-ac92772df7e7,aef46bb7-b6da-43e7-aa2f-081a67f30668,سیب زمینی سیب زمینی دو نفره ,,55000 تومان ,0,False,
144,11a8967e-4fa4-4ab4-a0f9-e5a393055527,aef46bb7-b6da-43e7-aa2f-081a67f30668,نان باگت (اضافه) ,,10000 تومان ,0,False,
145,35bf8242-7870-43bc-8a66-0383ec7d5f66,9c2373c7-442c-4407-b77c-8f65ef23dbe8,سالاد سرآشپز ,کاهو، قارچ، ژامبون، پنیر، سس فرانسوی,35000 تومان ,0,False,
146,1b5439f8-f1af-40f1-a580-237108a08aa3,9c2373c7-442c-4407-b77c-8f65ef23dbe8,سالاد فصل ,کاهو، گوجه، ذرت، سس فرانسوی ,25000 تومان ,0,False,
147,3714da19-d15c-40c2-8e75-f97ed17dde86,9c2373c7-442c-4407-b77c-8f65ef23dbe8,سالاد کلم ,,17000 تومان ,0,False,
148,e445193d-25ad-452b-8f03-09beca449c22,f35f89e1-a280-475e-85d1-18911a57fbb5,ساندویچ بندری ویژه,250گرم سوسیس 80٪ بندری تند، پنیر میکس، قارچ بلنچ، پیاز و جعفری، سس مخصوص، گوجه، خیارشور، نان باگت,85000 تومان ,0,False,
149,e1a98971-ab48-4e62-b59c-09dbc437ed9f,f35f89e1-a280-475e-85d1-18911a57fbb5,ساندویچ ژامبون مرغ تنوری ویژه,"130گرم ژامبون مرغ90٪,قارچ,پنیر میکس,سس مخصوص,کاهو,گوجه فرنگی ,خیارشور ,نان باگت",90000 تومان ,0,False,
150,f878ad51-a4cf-4c5c-a7f8-2f917a789a31,f35f89e1-a280-475e-85d1-18911a57fbb5,ساندویچ ژامبون گوشت تنوری ویژه,"130گرم ژامبون گوشت 80٪,پنیر میکس,قارچ,سس مخصوص,کاهو,گوجه فرنگی,خیارشور,نان باگت",90000 تومان ,0,False,
151,4ffb15ca-361e-4407-96bb-52ae1ef7b011,f35f89e1-a280-475e-85d1-18911a57fbb5,ساندویچ رویال فیله مرغ ویژه,"فیله مرغ طعم دار,یک ورق ژامبون گوشت 80٪,یک ورق ژامبون مرغ 90٪,قارچ,پنیر گودا,سس مخصوص,کاهو,گوجه,خیارشور,نان باگت",100000 تومان ,0,False,
152,d7a719ff-7e68-442d-b2b8-57b48ceeb0c9,f35f89e1-a280-475e-85d1-18911a57fbb5,ساندویچ هات داگ ساده,250 گرم سوسیس80٪، سس مخصوص، کاهو، گوجه، خیارشور، نان باگت,75000 تومان ,0,False,
153,3279e67d-7b73-4ce4-ad58-5bb1c8c240e9,f35f89e1-a280-475e-85d1-18911a57fbb5,ساندویچ کوکتل پنیر,6عدد کوکتل پنیری سرخ شده، سس مخصوص، کاهو، گوجه، خیارشور، نان باگت,80000 تومان ,0,False,
154,67b69eb0-bf09-4e0a-8815-7e146dff519e,f35f89e1-a280-475e-85d1-18911a57fbb5,ساندویچ زاپاتا ویژه,یک عدد برگر دست ساز 130 گرمی گوشت تازه چرخ شده میکس گوساله و گوسفندی، فیله مرغ، یک ورق ژامبون گوشت 80٪، یک ورق ژامبون مرغ 90٪، قارچ، پنیر گودا، سس مخصوص، گوجه، کاهو، خیارشور، نان باگت,110000 تومان ,0,False,
155,d431a48e-340f-4772-854d-88b8f3251cdc,f35f89e1-a280-475e-85d1-18911a57fbb5,ساندویچ کباب ویژه,یک عدد برگر دست ساز 130 گرمی گوشت تازه چرخ کرده میکس گوساله و گوسفندی، قارچ، پنیر گودا، سس مخصوص، کاهو، گوجه، خیارشور، نان به انتخاب شما,92000 تومان ,0,False,
156,bae54580-c837-4b62-b56e-a0035d06ca1a,f35f89e1-a280-475e-85d1-18911a57fbb5,ساندویچ فلافل,6 قرص فلافل، کاهو، گوجه فرنگی، خیارشور، نان باگت، سس سفید و قرمز,45000 تومان ,0,False,
157,875510ce-1507-4a47-8544-a1e18df37dbc,f35f89e1-a280-475e-85d1-18911a57fbb5,ساندویچ مخلوط ویژه,همبرگر، فیله مرغ،  قارچ، پنیر ورقه ای، خیارشور، گوجه، کاهو ,103000 تومان ,0,False,
158,13194935-8a44-4016-9d78-a2bde07aa462,f35f89e1-a280-475e-85d1-18911a57fbb5,ساندویچ کوکتل ساده,"6 عدد کوکتل دودی سرخ شده,سس مخصوص,کاهو,گوجه فرنگی,خیارشور,نان باگت",73000 تومان ,0,False,
159,e83fa6d5-0a41-48c7-920c-b2ebe0e05ed2,f35f89e1-a280-475e-85d1-18911a57fbb5,ساندویچ رست بیف ویژه,"130 گرم گوشت تازه سردست گوساله رست شده طعم دار,قارچ بلنچ,پنیر میکس,سس مخصوص,کاهو,گوجه فرنگی,خیارشور,نان باگت",110000 تومان ,0,False,
160,5a2e8802-0418-4fb3-94a7-bd60ed5c6c9f,f35f89e1-a280-475e-85d1-18911a57fbb5,ساندویچ فیله مرغ ویژه,"فیله مرغ طعم دار,قارچ,پنبر گودا,سس مخصوص,کاهو,گوجه,خیارشور,نان باگت",95000 تومان ,0,False,
161,fd4e7f20-716e-4108-9559-bfe03180e3a7,f35f89e1-a280-475e-85d1-18911a57fbb5,ساندویچ ژامبون مرغ (سرد),"130 گرم ژامبون مرغ 90٪,سس مخصوص,کاهو,گوجه فرنگی,خیارشور,نان باگت",70000 تومان ,0,False,
162,b42ac29a-d452-46da-b5cc-cdfee5b1183e,f35f89e1-a280-475e-85d1-18911a57fbb5,ساندویچ فلافل با قارچ و پنیر,6 قرص فلافل، خیارشور، گوجه فرنگی، کاهو، سس سفید و قرمز، قارچ بلنچ شده، 80 گرم پنیر میکس، نان باگت,55000 تومان ,0,False,
163,624ff328-79b5-48f9-aba2-cf0091cb9821,f35f89e1-a280-475e-85d1-18911a57fbb5,ساندویچ بندری مخصوص,250 گرم سوسیس80٪، بندری تند، پیاز و جعفری، سس مخصوص، گوجه، خیارشور، نان باگت,72000 تومان ,0,False,
164,67220b20-ad8d-4ddb-b0c4-d23306ebbd77,f35f89e1-a280-475e-85d1-18911a57fbb5,ساندویچ هات داگ ویژه,250 گرم سوسیس 80٪، قارچ بلنچ، پنیر گودا، سس مخصوص، کاهو، گوجه، خیارشور، نان باگت,80000 تومان ,0,False,
165,d748516b-d340-47ae-95d9-dbccbc081125,f35f89e1-a280-475e-85d1-18911a57fbb5,ساندویچ ژامبون گوشت (سرد),130 گرم ژامبون گوشت 80٪، سس مخصوص، کاهو، گوجه فرنگی، خیارشور، نان باگت,70000 تومان ,0,False,
166,3a9dd86d-216e-433f-8562-e00097a2c33f,f35f89e1-a280-475e-85d1-18911a57fbb5,ساندویچ رویال هات داگ ویژه,"250 گرم سوسیس 80٪, یک ورقه ژامبون گوشت 80٪, یک ورقه ژامبون مرغ 90٪, پنیر گودا, قارچ بلنچ, سس مخصوص, کاهو, گوجه, خیارشور, نان باگت",90000 تومان ,0,False,
167,40e22ddc-443f-4254-977f-ea77dedd80b1,f35f89e1-a280-475e-85d1-18911a57fbb5,ساندویچ الویه مخصوص خانگی,مرغ، هویج، نخود فرنگی، تخم مرغ، سیب زمینی ,70000 تومان ,0,False,
168,ef46d0a1-712b-4eb3-8dfc-f5a96b2993a3,f35f89e1-a280-475e-85d1-18911a57fbb5,ساندویچ مرغ,"130 گرم مرغ پخته ریش ریش شده طعم دار,سس مخصوص,کاهو,گوجه فرنگی,خیارشور,نان باگت",80000 تومان ,0,False,
169,8b3dda16-3655-45b2-bb20-2a7f89fe584d,0cd824a1-736c-4cb5-b63b-366f1c43c7e1,ساندویچ کباب ترکی میکس ,"60 گرم گوشت پخته کباب ترکی طعم دار شده ,60 گرم مرغ پخته کباب ترکی طعم دار شده,جعغول,پیاز جعفری,سس مخصوص ,گوجه فرنگی ,خیارشور,نان باگت",110000 تومان ,0,False,
170,d103bbd6-fb72-481b-8579-2f3118dcb365,0cd824a1-736c-4cb5-b63b-366f1c43c7e1,ساندویچ کباب ترکی گوشت,"120 گرم گوشت پخته کباب ترکی طعم دار شده,جعغول,پیاز جعفری,سس مخصوص,گوجه فرنگی,خیارشور,نان باگت",110000 تومان ,0,False,
171,75a8c771-a5ba-4854-b8da-3b38f3e4ae44,0cd824a1-736c-4cb5-b63b-366f1c43c7e1,کباب ترکی مرغ (پرسی) ,"170 گرم کباب ترکی مرغ طعم دار شده,جعغول,قارچ,پباز جعفری,گوجه فرنگی ,خیارشور,نان باگت,سس مخصوص فرانسوی و قرمز",150000 تومان ,0,False,
172,1d7ad3bd-259f-405b-86af-5464370213e0,0cd824a1-736c-4cb5-b63b-366f1c43c7e1,کباب ترکی میکس (پرسی) ,"100 گرم گوشت پخته کباب ترکی طعم دار ,70 گرم مرغ پخته کباب ترکی طعم دار,جعغول,پیاز جعفری,گوجه فرنگی,خیارشور,نان باگت,سس مخصوص فرانسوی و قرمز",150000 تومان ,0,False,
173,97881068-6f00-4896-b3f7-a530d18fc616,0cd824a1-736c-4cb5-b63b-366f1c43c7e1,کباب ترکی گوشت (پرسی) ,"170 گرم گوشت پخته کباب ترکی طعم دار شده,جعغول,پیاز جعفری,گوجه فرنگی,خیارشور,نان باگت,سس مخصوص فرانسوی و قرمز",150000 تومان ,0,False,
174,f0957467-e709-4cea-9747-e3cc3f2aa0bb,0cd824a1-736c-4cb5-b63b-366f1c43c7e1,ساندویچ کباب ترکی مرغ,"120 گرم کباب ترکی مرغ پخته طعم دار شده,جعغول,پیاز جعفری,سس مخصوص,خیارشور,گوجه فرنگی,نان باگت",110000 تومان ,0,False,
175,c34e383a-716b-4468-afc7-078d814c0690,70399ef7-9b58-459e-8cc0-471c073dae0b,پیتزا گوشت و قارچ یک نفره (23 سانتی متر),"خمیر پیتزای آمریکایی، سس مخصوص, قارچ، گوشت چرخ کرده میکس گوساله و گوسفندی طعم دار شده، پنیر میکس، فلفل دلمه ای، گوجه فرنگی، زیتون,کنجد",110000 تومان ,0,False,
176,ab14e407-685e-4825-b3bd-0afaffd8ca55,70399ef7-9b58-459e-8cc0-471c073dae0b,پیتزا مرغ و قارچ دو نفره (28 سانتی متر),خمیر پیتزای آمریکایی، سس مخصوص، مرغ طعم دار ریش ریش شده، قارچ، پنیر میکس، فلفل دلمه ای، گوجه فرنگی، کنجد,175000 تومان ,0,False,
177,49cc0016-7e98-4584-bcba-16004f6c98f8,70399ef7-9b58-459e-8cc0-471c073dae0b,پیتزا رست بیف یک نفره (23 سانتی متر),"خمیر پیتزای آمریکایی, سس مخصوص, گوشت سر دست گوساله رست شده طعم دار, قارچ, پنیر میکس, فلفل دلمه ای, گوجه فرنگی, زیتون,کنجد",125000 تومان ,0,False,
178,f6df1012-09ba-4683-9e3b-16469e1b3ac3,70399ef7-9b58-459e-8cc0-471c073dae0b,پیتزا قارچ و پنیر دو نفره (28 سانتی متر),"خمیر پیتزای آمریکایی,سس مخصوص,قارچ,پنیر میکس,فلفل دلمه ای,گوجه فرنگی,کنجد",155000 تومان ,0,False,
179,50819e06-adb7-4353-834f-1978d4ba22db,70399ef7-9b58-459e-8cc0-471c073dae0b,پیتزا یونانی یک نفره (23 سانتی متر),"خمیر پیتزای آمریکایی,سس مخصوص,ژامبون گوشت 80٪,سوسیس دودی,قارچ,پنیر میکس,فلفل دلمه ای ,گوجه فرنگی,کنجد,وبه شکل مستطیل میباشد",105000 تومان ,0,False,
180,87158e8d-2491-48aa-98ee-1e47db02e278,70399ef7-9b58-459e-8cc0-471c073dae0b,پیتزا استیک  خانواده (32 سانتی متر),"خمیر پیتزای آمریکایی, سس مخصوص, گوشت تکه ای استیک گوساله, قارچ, پنیر میکس, فلفل دلمه ای, گوجه فرنگی, زیتون,کنجد",230000 تومان ,0,False,
181,00defefd-c074-49a8-bf64-3d68c36a4637,70399ef7-9b58-459e-8cc0-471c073dae0b,پیتزا مخلوط دو نفره (28 سانتی متر),خمیر پیتزای آمریکایی، سس مخصوص، ژامبون 80٪، سوسیس، قارچ، پنیر میکس، فلفل دلمه ای، گوجه فرنگی، کنجد,165000 تومان ,0,False,
182,1e6f9216-aa45-47a9-83be-3dcfddc5cfb6,70399ef7-9b58-459e-8cc0-471c073dae0b,پیتزا قارچ و سوسیس دو نفره (28 سانتی متر),"خمیر پیتزای آمریکایی,سس مخصوص,قارچ,سوسیس دودی,پنیر میکس,فلفل دلمه ای,گوجه فرنگی ,کنجد,",160000 تومان ,0,False,
183,f704f04f-0454-4949-8526-3efc67e9842e,70399ef7-9b58-459e-8cc0-471c073dae0b,پیتزا مخلوط  خانواده (32 سانتی متر),خمیر پیتزای آمریکایی، سس مخصوص، ژامبون 80٪، سوسیس، قارچ، پنیر میکس، فلفل دلمه ای، گوجه فرنگی، کنجد,220000 تومان ,0,False,
184,8f4ec3e6-1d69-4d3d-89ea-49dccd5b4f05,70399ef7-9b58-459e-8cc0-471c073dae0b,پیتزا سبزیجات آمریکایی یک نفره (۲۳ سانتی متری)  خانواده (۳۲ سانتی متر),"خمیر پیتزای آمریکایی, سس مخصوص, کدو, قارچ, پنیر میکس, فلفل دلمه ای, گوجه فرنگی, ذرت, زیتون,کنجد",215000 تومان ,0,False,
185,8ce4bfbe-702a-4f0f-a265-5136b84ea6cf,70399ef7-9b58-459e-8cc0-471c073dae0b,پیتزا رست بیف  خانواده (۳۲ سانتی متر),"خمیر پیتزای آمریکایی, سس مخصوص, گوشت سر دست گوساله رست شده طعم دار, قارچ, پنیر میکس, فلفل دلمه ای, گوجه فرنگی, زیتون,کنجد",240000 تومان ,0,False,
186,e8dc2f62-bd36-4fc6-8bfe-54b417b77abd,70399ef7-9b58-459e-8cc0-471c073dae0b,پیتزا مرغ و قارچ  خانواده (32 سانتی متر),خمیر پیتزای آمریکایی، سس مخصوص، مرغ طعم دار ریش ریش شده، قارچ، پنیر میکس، فلفل دلمه ای، گوجه فرنگی، کنجد,240000 تومان ,0,False,
187,edfc515d-c31b-4b2f-894a-55d095d5f86c,70399ef7-9b58-459e-8cc0-471c073dae0b,پیتزا مکزیکی  خانواده (۳۲ سانتی متر),"خمیر پیتزای آمریکایی,سس مخصوص,کالباس پپرونی تند,قارچ,پنیر میکس,فلفل دلمه ای,گوجه فرنگی,ذرت,کنجد,وبه شکل مثلث میباشد",215000 تومان ,0,False,
188,51d59302-fa7c-4acc-bd66-57d138c42115,70399ef7-9b58-459e-8cc0-471c073dae0b,پیتزا مخصوص  خانواده (32 سانتی متر),خمیر پیتزا آمریکایی، ژامبون گوشت 80٪کوکتل دودی، سس مخصوص، پنیر پیتزای میکس، قارچ، فلفل دلمه ای، گوجه فرنگی، ذرت، کنجد,225000 تومان ,0,False,
189,022eea13-85fa-4917-83a6-5b9dec3e7227,70399ef7-9b58-459e-8cc0-471c073dae0b,پیتزا یونانی  خانواده (۳۲ سانتی متر),"خمیر پیتزای آمریکایی,سس مخصوص,ژامبون گوشت 80٪,سوسیس دودی,قارچ,پنیر میکس,فلفل دلمه ای ,گوجه فرنگی,کنجد,وبه شکل مستطیل میباشد",218000 تومان ,0,False,
190,bb9003b7-d939-4380-8e2e-5c2a1ce05421,70399ef7-9b58-459e-8cc0-471c073dae0b,پیتزا اسپشیال دو نفره (28 سانتی متر),خمیر پیتزای آمریکایی، سس مخصوص، ژامبون گوشت و ژامبون مرغ 90٪، قارچ، پنیر میکس، فلفل دلمه ای، گوجه فرنگی، زیتون، ذرت، فیله مرغ تیکه شده، کنجد,170000 تومان ,0,False,
191,43759a6f-dd0d-4bb3-864d-63253d75e7f5,70399ef7-9b58-459e-8cc0-471c073dae0b,پیتزا قارچ و پنیر یک نفره (23 سانتی متر),"خمیر پیتزای آمریکایی,سس مخصوص,قارچ,پنیر میکس,فلفل دلمه ای,گوجه فرنگی,کنجد",102000 تومان ,0,False,
192,5a7e90c5-bda6-41ba-8540-64ffd27425b8,70399ef7-9b58-459e-8cc0-471c073dae0b,پیتزا مکزیکی دو نفره (28 سانتی متر),"خمیر پیتزای آمریکایی,سس مخصوص,کالباس پپرونی تند,قارچ,پنیر میکس,فلفل دلمه ای,گوجه فرنگی,ذرت,کنجد,وبه شکل مثلث میباشد",165000 تومان ,0,False,
193,751603fc-4a7d-4b92-ad10-7b9c4db597e1,70399ef7-9b58-459e-8cc0-471c073dae0b,پیتزا یونانی دو نفره (28 سانتی متر),"خمیر پیتزای آمریکایی,سس مخصوص,ژامبون گوشت 80٪,سوسیس دودی,قارچ,پنیر میکس,فلفل دلمه ای ,گوجه فرنگی,کنجد,وبه شکل مستطیل میباشد",160000 تومان ,0,False,
194,7829704a-1a2e-4768-9c40-7e9e5d986491,70399ef7-9b58-459e-8cc0-471c073dae0b,پیتزا اسپشیال یک نفره (23 سانتی متر),خمیر پیتزای آمریکایی، سس مخصوص، ژامبون گوشت و ژامبون مرغ 90٪، قارچ، پنیر میکس، فلفل دلمه ای، گوجه فرنگی، زیتون، ذرت، فیله مرغ تیکه شده، کنجد,110000 تومان ,0,False,
195,9ac22d1d-6ffa-4e4f-9dc4-8357d3b37e03,70399ef7-9b58-459e-8cc0-471c073dae0b,پیتزا مخصوص یک نفره (23 سانتی متر),خمیر پیتزا آمریکایی، ژامبون گوشت 80٪کوکتل دودی، سس مخصوص، پنیر پیتزای میکس، قارچ، فلفل دلمه ای، گوجه فرنگی، ذرت، کنجد,108000 تومان ,0,False,
196,3ffecb34-11b1-42a8-83ad-863c99b48c42,70399ef7-9b58-459e-8cc0-471c073dae0b,پیتزا گوشت و قارچ  خانواده (۳۲ سانتی متر),"خمیر پیتزای آمریکایی، سس مخصوص, قارچ، گوشت چرخ کرده میکس گوساله و گوسفندی طعم دار شده، پنیر میکس، فلفل دلمه ای، گوجه فرنگی، زیتون,کنجد",230000 تومان ,0,False,
197,8f4c9f5c-5681-43da-ad5c-878cb69a8010,70399ef7-9b58-459e-8cc0-471c073dae0b,پیتزا مخلوط یک نفره (23 سانتی متر),خمیر پیتزای آمریکایی، سس مخصوص، ژامبون 80٪، سوسیس، قارچ، پنیر میکس، فلفل دلمه ای، گوجه فرنگی، کنجد,105000 تومان ,0,False,
198,c2f7eb83-63f7-4b4e-9fba-897411bf43ef,70399ef7-9b58-459e-8cc0-471c073dae0b,پیتزا مرغ و قارچ یک نفره (23 سانتی متر),خمیر پیتزای آمریکایی، سس مخصوص، مرغ طعم دار ریش ریش شده، قارچ، پنیر میکس، فلفل دلمه ای، گوجه فرنگی، کنجد,115000 تومان ,0,False,
199,ba665f80-6647-4487-8139-918fcb83e187,70399ef7-9b58-459e-8cc0-471c073dae0b,پیتزا رست بیف دو نفره (28 سانتی متر),"خمیر پیتزای آمریکایی, سس مخصوص, گوشت سر دست گوساله رست شده طعم دار, قارچ, پنیر میکس, فلفل دلمه ای, گوجه فرنگی, زیتون,کنجد",190000 تومان ,0,False,
200,7b33f1bc-e9d0-4e50-8b81-936d7e58836f,70399ef7-9b58-459e-8cc0-471c073dae0b,پیتزا سبزیجات آمریکایی یک نفره (۲۳ سانتی متری) یک نفره (23 سانتی متر),"خمیر پیتزای آمریکایی, سس مخصوص, کدو, قارچ, پنیر میکس, فلفل دلمه ای, گوجه فرنگی, ذرت, زیتون,کنجد",102000 تومان ,0,False,
201,548fc76c-7440-4c3b-9e77-9809073f25a7,70399ef7-9b58-459e-8cc0-471c073dae0b,پیتزا قارچ و پنیر  خانواده (۳۲ سانتی متر),"خمیر پیتزای آمریکایی,سس مخصوص,قارچ,پنیر میکس,فلفل دلمه ای,گوجه فرنگی,کنجد",213000 تومان ,0,False,
202,4894e74e-730b-4e02-9181-9dadf69a637f,70399ef7-9b58-459e-8cc0-471c073dae0b,پیتزا پپرونی دو نفره (28 سانتی متر),"خمیر پیتزای آمریکایی, سس مخصوص, کالباس پپرونی تند, پنیر میکس, فلفل دلمه ای, گوجه فرنگی, کنجد",165000 تومان ,0,False,
203,b8f13509-4c83-4470-b695-a9c369db48c4,70399ef7-9b58-459e-8cc0-471c073dae0b,پیتزا استیک یک نفره (23 سانتی متر),"خمیر پیتزای آمریکایی, سس مخصوص, گوشت تکه ای استیک گوساله, قارچ, پنیر میکس, فلفل دلمه ای, گوجه فرنگی, زیتون,کنجد",110000 تومان ,0,False,
204,becb9c27-b5c0-4228-8ee7-aab066ed1df6,70399ef7-9b58-459e-8cc0-471c073dae0b,پیتزا استیک دو نفره (28 سانتی متر),"خمیر پیتزای آمریکایی, سس مخصوص, گوشت تکه ای استیک گوساله, قارچ, پنیر میکس, فلفل دلمه ای, گوجه فرنگی, زیتون,کنجد",170000 تومان ,0,False,
205,e14298a3-492b-4f41-afcc-ae16b3ca18af,70399ef7-9b58-459e-8cc0-471c073dae0b,پیتزا پپرونی  خانواده (۳۲ سانتی متر),"خمیر پیتزای آمریکایی, سس مخصوص, کالباس پپرونی تند, پنیر میکس, فلفل دلمه ای, گوجه فرنگی, کنجد",225000 تومان ,0,False,
206,1d7df5e2-5ab7-4f98-9ba9-b09d4cbe6491,70399ef7-9b58-459e-8cc0-471c073dae0b,پیتزا پپرونی یک نفره (23 سانتی متر),"خمیر پیتزای آمریکایی, سس مخصوص, کالباس پپرونی تند, پنیر میکس, فلفل دلمه ای, گوجه فرنگی, کنجد",107000 تومان ,0,False,
207,f7e44ecd-889f-41c6-81f8-c5708983961c,70399ef7-9b58-459e-8cc0-471c073dae0b,پیتزا اسپشیال  خانواده (32 سانتی متر),خمیر پیتزای آمریکایی، سس مخصوص، ژامبون گوشت و ژامبون مرغ 90٪، قارچ، پنیر میکس، فلفل دلمه ای، گوجه فرنگی، زیتون، ذرت، فیله مرغ تیکه شده، کنجد,230000 تومان ,0,False,
208,4268fac0-de3d-4509-84b4-c8c6b638aa0f,70399ef7-9b58-459e-8cc0-471c073dae0b,پیتزا گوشت و قارچ دو نفره (28 سانتی متر),"خمیر پیتزای آمریکایی، سس مخصوص, قارچ، گوشت چرخ کرده میکس گوساله و گوسفندی طعم دار شده، پنیر میکس، فلفل دلمه ای، گوجه فرنگی، زیتون,کنجد",170000 تومان ,0,False,
209,5095aa7b-dda4-40eb-8412-ce0b91850d92,70399ef7-9b58-459e-8cc0-471c073dae0b,پیتزا قارچ و سوسیس یک نفره (23 سانتی متر),"خمیر پیتزای آمریکایی,سس مخصوص,قارچ,سوسیس دودی,پنیر میکس,فلفل دلمه ای,گوجه فرنگی ,کنجد,",103000 تومان ,0,False,
210,029df665-932a-456b-a725-d22d38e8d393,70399ef7-9b58-459e-8cc0-471c073dae0b,پیتزا مخصوص دو نفره (28 سانتی متر),خمیر پیتزا آمریکایی، ژامبون گوشت 80٪کوکتل دودی، سس مخصوص، پنیر پیتزای میکس، قارچ، فلفل دلمه ای، گوجه فرنگی، ذرت، کنجد,165000 تومان ,0,False,
211,1fcd9db7-23fb-49a0-bfe9-dc5cdf18b83d,70399ef7-9b58-459e-8cc0-471c073dae0b,پیتزا قارچ و سوسیس  خانواده (۳۲ سانتی متر),"خمیر پیتزای آمریکایی,سس مخصوص,قارچ,سوسیس دودی,پنیر میکس,فلفل دلمه ای,گوجه فرنگی ,کنجد,",215000 تومان ,0,False,
212,f57cb9c8-ce29-4048-a685-f2234fb46779,70399ef7-9b58-459e-8cc0-471c073dae0b,پیتزا مکزیکی,null,175000 تومان ,0,False,
213,5bc52934-a2b0-4fbd-a8b1-fc577b1190b9,70399ef7-9b58-459e-8cc0-471c073dae0b,پیتزا سبزیجات آمریکایی یک نفره (۲۳ سانتی متری) دو نفره (28 سانتی متر),"خمیر پیتزای آمریکایی, سس مخصوص, کدو, قارچ, پنیر میکس, فلفل دلمه ای, گوجه فرنگی, ذرت, زیتون,کنجد",161000 تومان ,0,False,
214,0e3128b8-310b-43ae-b855-feba6ea02c48,70399ef7-9b58-459e-8cc0-471c073dae0b,پیتزا مکزیکی یک نفره (23 سانتی متر),"خمیر پیتزای آمریکایی,سس مخصوص,کالباس پپرونی تند,قارچ,پنیر میکس,فلفل دلمه ای,گوجه فرنگی,ذرت,کنجد,وبه شکل مثلث میباشد",107000 تومان ,0,False,
215,cc33bf07-c1af-4523-b1ec-14b66503248d,d5b55f4d-9d47-449d-8551-aba2313e6c14,بندری (پرسی) ,370گرم سوسیس 80٪ بندری تند، پیاز جعفری، گوجه فرنگی، خیارشور، سس مخصوص قرمز تند و فرانسوی، نان باگت,110000 تومان ,0,False,
216,935bbd23-6992-431b-8252-b78283bb0265,d5b55f4d-9d47-449d-8551-aba2313e6c14,الویه مخصوص خانگی (پرسی) ,400 گرم,100000 تومان ,0,False,
217,958c1805-6005-4345-88e1-f4b4bd6f1448,d5b55f4d-9d47-449d-8551-aba2313e6c14,فیله مرغ سوخاری (سه تکه) ,"3 عدد فیله مرغ طعم دارشده سرخ شده,سیب زمینی,سالاد کلم,نان گرد",120000 تومان ,0,False,
218,4516aba1-57cf-49f6-8008-07509dbc0956,0a55fa45-810e-462f-907b-156db53f7cb9,نوشابه قوطی کوکا کولا خانواده ,1.5 لیتر,,0,False,
219,a2dbd19a-d0c8-4849-9260-5ba6672c170e,0a55fa45-810e-462f-907b-156db53f7cb9,نوشابه قوطی کوکا کولا قوطی ,330 میلی لیتر,,0,False,
220,11754b37-b3ee-4ddd-a3ec-6d2967976238,0a55fa45-810e-462f-907b-156db53f7cb9,دوغ بطری,,,0,False,
221,2131678f-50f0-4825-a1cb-84d3a1652a82,0a55fa45-810e-462f-907b-156db53f7cb9,دلستر قوطی ,330 میلی لیتر,,0,False,
222,6e61f8d6-be22-4ad0-ba55-b75eb4a51e6b,0a55fa45-810e-462f-907b-156db53f7cb9,دوغ خانواده ,1.5 لیتر,,0,False,
223,bfdebea9-862a-4770-9e33-054522203f8d,880e78be-0c3a-49d8-a42f-2f2197be15e7,سیب زمینی,,40000 تومان ,0,False,
224,47093b92-1f3a-456f-81bb-0683256e3507,880e78be-0c3a-49d8-a42f-2f2197be15e7,سالاد فصل,,15000 تومان ,0,False,
225,da1b54cf-9c04-4228-91b9-11faf86ff766,880e78be-0c3a-49d8-a42f-2f2197be15e7,نان سیر,,36000 تومان ,0,False,
226,760face8-f178-487b-8308-1d0209e1cdb5,880e78be-0c3a-49d8-a42f-2f2197be15e7,سالاد سزار,,55000 تومان ,0,False,
227,3ef23ab9-802a-4ec4-9a93-aa17e6319ed9,880e78be-0c3a-49d8-a42f-2f2197be15e7,سیب زمینی ویژه,,60000 تومان ,0,False,
228,f52a5bf8-00b3-4b75-84d7-06731fae7039,26993890-97be-4823-b9ae-a0a93c4627b5,تندوری,,66500 تومان ,0,False,
229,b7aef89b-9829-4dbc-b9ff-096da107526b,26993890-97be-4823-b9ae-a0a93c4627b5,چیلی تای,,56500 تومان ,0,False,
230,0ed8440e-7c70-4d86-8209-117d9e56f499,26993890-97be-4823-b9ae-a0a93c4627b5,مکزیکو,,64500 تومان ,0,False,
231,3e718ce9-0848-4c2e-8fb1-2c8ef84038de,26993890-97be-4823-b9ae-a0a93c4627b5,چیکن بیف,,68500 تومان ,0,False,
232,619ec686-73a1-476d-afb5-e95469ce3b59,26993890-97be-4823-b9ae-a0a93c4627b5,سیسیلی,,58500 تومان ,0,False,
233,4a18f67f-2236-47fc-ba80-fed8b0016a76,26993890-97be-4823-b9ae-a0a93c4627b5,گاراژ,,73500 تومان ,0,False,
234,0e7b44fc-b8a1-446a-8db6-0055757f95eb,eb27924d-cd9e-4fb1-ad97-a1bc453f16bd,چیز برگر,,42500 تومان ,0,False,
235,58fc6ca2-73c4-49a9-85f1-07c07a7360c2,eb27924d-cd9e-4fb1-ad97-a1bc453f16bd,دابل چیزبرگر,,78500 تومان ,0,False,
236,32417aee-a95f-4f08-9f03-1b2af21977c7,eb27924d-cd9e-4fb1-ad97-a1bc453f16bd,گاراژ برگر,,82500 تومان ,0,False,
237,57febeaa-1d20-4526-8f73-2eac8a049a6e,eb27924d-cd9e-4fb1-ad97-a1bc453f16bd,ماشروم برگر,,46500 تومان ,0,False,
238,dc00e613-5546-4be9-b5ef-3d1d15216b26,eb27924d-cd9e-4fb1-ad97-a1bc453f16bd,برگر فرانسوی,,56500 تومان ,0,False,
239,3049f593-7993-484b-94e7-55a79bb6a571,eb27924d-cd9e-4fb1-ad97-a1bc453f16bd,ذغالی برگر,,40000 تومان ,0,False,
240,d5b51dc9-885a-41b7-9fff-623ae5836a99,eb27924d-cd9e-4fb1-ad97-a1bc453f16bd,چیکن چیز برگر,,55500 تومان ,0,False,
241,72ee76ad-8738-4f08-949c-c97be1ad0c6e,eb27924d-cd9e-4fb1-ad97-a1bc453f16bd,اسموکی برگر,,49500 تومان ,0,False,
242,a17f2143-9ef2-4e6e-8b37-ce5bdb482e6a,eb27924d-cd9e-4fb1-ad97-a1bc453f16bd,دابل برگر,,70500 تومان ,0,False,
243,0ecda1e9-e40b-4e8e-8a9a-ee2d39027b74,eb27924d-cd9e-4fb1-ad97-a1bc453f16bd,چیکن برگر,,52500 تومان ,0,False,
244,d59e9b5c-6244-49fb-995e-4e134b67ecd8,8f5dd473-6d89-4b61-826b-12d858c52e43,مرغ سوخاری دو تکه,,39500 تومان ,0,False,
245,ab0c761d-53b7-4ebe-9a4b-7864e78f8adb,8f5dd473-6d89-4b61-826b-12d858c52e43,فیله سوخاری دو تکه,,41500 تومان ,0,False,
246,93590a60-478b-4d58-a06c-56c80e687ce1,d1e12676-f0dd-4806-8a68-c962cfe98e50,هات داگ ویژه,,47500 تومان ,0,False,
247,43befb5b-6ce5-442f-9b2d-69f965d7f19e,d1e12676-f0dd-4806-8a68-c962cfe98e50,هات رویال,,55500 تومان ,0,False,
248,a4494628-7d21-4524-bd76-7d1204c34cec,d1e12676-f0dd-4806-8a68-c962cfe98e50,هات داگ پیکل,,40500 تومان ,0,False,
249,ef561d46-893f-4f3f-98bd-8ac9cb892551,d1e12676-f0dd-4806-8a68-c962cfe98e50,ژامبون تنوری  ویژه,,44500 تومان ,0,False,
250,51011a6b-fa20-4b93-8fbc-b7463616a364,d1e12676-f0dd-4806-8a68-c962cfe98e50,ژامبون سرد ,,40500 تومان ,0,False,
251,dd491848-56fe-4f2c-a021-1b21f350fa31,03ca9784-d8ba-46e8-add6-d91fdd5ab72a,نوشابه,,,1,False,
252,a5b8f4c4-3d3e-4156-9593-1b6c26a4c1e8,03ca9784-d8ba-46e8-add6-d91fdd5ab72a,دوغ,,,0,False,
253,40688165-90b0-49d0-b392-2bec4b1dc77b,03ca9784-d8ba-46e8-add6-d91fdd5ab72a,دلستر,,,0,False,
254,84334352-5f63-4f66-8c58-da1b4d3fbb3f,03ca9784-d8ba-46e8-add6-d91fdd5ab72a,آب معدنی,,,0,False,
255,53d6d9d6-22d7-467d-9ddb-37b915c7ea5c,1c847f19-432f-43a1-a86d-3617bb451cdb,باقالی پلو با گردن,,198500 تومان ,5,False,
256,fd5491d0-5c39-44aa-8079-651b71616165,1c847f19-432f-43a1-a86d-3617bb451cdb,زرشک پلو با مرغ,,74500 تومان ,2,False,
257,edacd659-b0df-446a-9301-a53386675158,1c847f19-432f-43a1-a86d-3617bb451cdb,ماهی کبابی,,138500 تومان ,2,False,
258,16eb0025-aed7-4bdb-a80f-ab3d73d36d7e,1c847f19-432f-43a1-a86d-3617bb451cdb,باقالی پلو باماهیچه,,215000 تومان ,1,False,
259,fcebf7a9-51e9-425b-a25b-05a33a8b2d5d,529ea1d0-c6d1-41d2-b2b5-455105300b5e,جوجه کباب با استخوان,,104500 تومان ,3,False,
260,7cafba10-7e7c-49e6-8408-31bce290bf8d,529ea1d0-c6d1-41d2-b2b5-455105300b5e,چلوکباب سلطانی,,198500 تومان ,2,False,
261,e01287f5-7e52-4b14-9fd2-3ef8ce517ce1,529ea1d0-c6d1-41d2-b2b5-455105300b5e,چلوکباب لقمه,,108500 تومان ,4,False,
262,45efd858-985a-4b49-b790-7141721d37ed,529ea1d0-c6d1-41d2-b2b5-455105300b5e,چلو جوجه کباب بدون استخوان ران,,94500 تومان ,2,False,
263,27c49c1a-be32-4fd1-8929-cbe6f8ea9abe,529ea1d0-c6d1-41d2-b2b5-455105300b5e,چلو جوجه کباب بدون استخوان سینه,,88500 تومان ,2,False,
264,b6dcd18c-bfd9-4328-a235-e406228f55a3,529ea1d0-c6d1-41d2-b2b5-455105300b5e,چلوکباب برگ مخصوص,,188500 تومان ,1,False,
265,de3ea943-626c-4538-816c-ff08423a711b,529ea1d0-c6d1-41d2-b2b5-455105300b5e,چلوکباب وزیری,,114500 تومان ,1,False,
266,e9d72ff3-a8d2-4500-9797-77a92f3d6e42,133a49e1-b7e9-4ab5-b4e2-03dff8301116,نوشابه/دوغ,,,0,False,
267,38f54f6a-7aea-4267-ab16-8469feb7ad9d,133a49e1-b7e9-4ab5-b4e2-03dff8301116,کوبیده سیخی,,,4,False,
268,4e97dde4-3ab7-4aba-838d-862de3ebfb08,133a49e1-b7e9-4ab5-b4e2-03dff8301116,فلفل,,,1,False,
269,2c8c2ee2-3e9a-4378-99cb-8dcf184ef198,133a49e1-b7e9-4ab5-b4e2-03dff8301116,چنجه سیخی,,,0,False,
270,31d2a49d-42ee-4492-8821-e1a36d5db471,133a49e1-b7e9-4ab5-b4e2-03dff8301116,جوجه سیخی,,,0,False,
271,6c92290a-11fd-46fc-b457-eaa13fb7ee0e,133a49e1-b7e9-4ab5-b4e2-03dff8301116,گوجه,,,3,False,
272,54372319-14d7-4a43-a8b2-12c860abe4e5,aef46bb7-b6da-43e7-aa2f-081a67f30668,بروسکتا,,,0,False,
273,ed429d25-272a-4808-a688-fc0ccafeafc0,aef46bb7-b6da-43e7-aa2f-081a67f30668,حمص,,,0,False,
274,daba24d4-b174-4cf5-b23f-0a84e1aacc18,70399ef7-9b58-459e-8cc0-471c073dae0b,مارینارا,,89000 تومان ,0,False,
275,83281034-3bb8-46f0-9023-0e7dd8a94bc8,70399ef7-9b58-459e-8cc0-471c073dae0b,اولیو آنیون,,95000 تومان ,0,False,
276,0c3828e4-8f45-4e57-91a3-14c94eb9dcb2,70399ef7-9b58-459e-8cc0-471c073dae0b,گارلیک استیک,,138000 تومان ,0,False,
277,58b95663-73f0-48a5-8825-44a7b93ff07b,70399ef7-9b58-459e-8cc0-471c073dae0b,اور تولانا,,102000 تومان ,0,False,
278,0a9553b1-aeb0-4d88-972f-4cee9e339e2d,70399ef7-9b58-459e-8cc0-471c073dae0b,آل پستو,,147000 تومان ,0,False,
279,5682d9e3-9eb7-460e-8362-4ff80da799ca,70399ef7-9b58-459e-8cc0-471c073dae0b,وایت پیتزا اسفناج,,147000 تومان ,0,False,
280,b4c749ad-39cb-498b-b635-722443143395,70399ef7-9b58-459e-8cc0-471c073dae0b,مارگاریتا,,89000 تومان ,0,False,
281,c34060f9-6f9a-43d5-b50c-7b49268f2eb1,70399ef7-9b58-459e-8cc0-471c073dae0b,پپرونی,,140000 تومان ,0,False,
282,120d8dd6-5be9-41c7-801a-8abc84615a7f,70399ef7-9b58-459e-8cc0-471c073dae0b,بوسکایولا,,143000 تومان ,0,False,
283,06f17147-8792-4a80-84f7-93cedf83a3ce,70399ef7-9b58-459e-8cc0-471c073dae0b,چیکن بی بی کیو,,147000 تومان ,0,False,
284,ef1663dc-29cb-42f0-a778-b7a7093368c8,70399ef7-9b58-459e-8cc0-471c073dae0b,کالیفرنیا استایل,,148000 تومان ,0,False,
285,5cb99fdf-68b8-456e-b24d-d6723ede3cd1,70399ef7-9b58-459e-8cc0-471c073dae0b,کومپاتیولا,,113000 تومان ,0,False,
286,15fbdb46-5a80-41bf-b17a-ea360513d1a3,70399ef7-9b58-459e-8cc0-471c073dae0b,کواترو فرماگی,,143000 تومان ,0,False,
287,02d83bc1-2cbd-4bd0-a6c4-fb148ee90c7e,70399ef7-9b58-459e-8cc0-471c073dae0b,دیاولا,,117000 تومان ,0,False,
288,a9820076-04ce-42fe-a4ac-14a645d7804f,43d4b6ed-e762-4038-8bd3-53cb9af0ec7a,سولو,,,0,False,
289,cfcc7715-61da-4fb7-ab3a-454f15d5f3b9,43d4b6ed-e762-4038-8bd3-53cb9af0ec7a,قهوه ارمنی,,,0,False,
290,46b638c4-5aab-4c2f-94a9-492e2d1cdb1c,43d4b6ed-e762-4038-8bd3-53cb9af0ec7a,آمریکانو,,,0,False,
291,a179df68-a023-4154-b794-4ea9e52d72a7,43d4b6ed-e762-4038-8bd3-53cb9af0ec7a,کاپوچینو,,,0,False,
292,7eeaa4eb-fdfb-4872-a5ca-8610f1ab25f2,43d4b6ed-e762-4038-8bd3-53cb9af0ec7a,موکا,,,0,False,
293,1f595988-3e4d-4271-8529-9a24ac6029af,43d4b6ed-e762-4038-8bd3-53cb9af0ec7a,ماکیاتو,,,0,False,
294,28970788-144e-4c4e-84a5-9aaeea3e31c6,43d4b6ed-e762-4038-8bd3-53cb9af0ec7a,کارامل ماکیاتو,,,0,False,
295,5e9a552c-0222-4f66-a908-a6a6fc8fa37f,43d4b6ed-e762-4038-8bd3-53cb9af0ec7a,آفوگاتو,,,0,False,
296,85beda40-1e74-46b2-8a48-bcae91dba510,43d4b6ed-e762-4038-8bd3-53cb9af0ec7a,دوپیو,,,0,False,
297,016e3d77-7f80-4d0e-b220-ce25f37ddb19,43d4b6ed-e762-4038-8bd3-53cb9af0ec7a,لاته,,,0,False,
298,818a51db-1249-47e6-9186-90f20c3b133a,c5cea8bf-a106-472f-8b53-078507cfc762,نعنا مراکشی,,,0,False,
299,65286d20-e99d-48ad-9e47-a2e2d7ec5972,c5cea8bf-a106-472f-8b53-078507cfc762,کوئین بری,,,0,False,
300,f4940d4a-7b10-4adc-b246-a65954537b1f,c5cea8bf-a106-472f-8b53-078507cfc762,دمنوش آرامش,,,0,False,
301,3459aeff-5d12-440f-b628-d0b11b80bf3d,c5cea8bf-a106-472f-8b53-078507cfc762,ویکتوریا سان ست,,,0,False,
302,d04c897f-8642-47d9-958c-d97e797d552d,c5cea8bf-a106-472f-8b53-078507cfc762,گلدن وانیل,,,0,False,
303,78c64da7-5931-49bb-ab1f-11dfdbbdedbe,17186222-d08d-4d04-9878-0fac52d2e4e0,بلو کوکونات,,,0,False,
304,a118bd2e-3ddb-4b49-b694-1307a5aa60a9,17186222-d08d-4d04-9878-0fac52d2e4e0,هلو پشن,,,0,False,
305,09b93bf3-a338-4e4d-b38b-1665cad3847b,17186222-d08d-4d04-9878-0fac52d2e4e0,پینک,,,0,False,
306,35388137-127d-4a47-a324-45f8bc52937f,17186222-d08d-4d04-9878-0fac52d2e4e0,رد بری,,,0,False,
307,c1af1692-9a00-46df-a19c-46dec56dfc9a,17186222-d08d-4d04-9878-0fac52d2e4e0,لیموناد,,,0,False,
308,a5f90ad3-e1c1-41be-aafe-6f5b3095c7ca,17186222-d08d-4d04-9878-0fac52d2e4e0,بلوموهیتو,,,0,False,
309,97e1cb31-c016-4310-afd3-ae1ec2691271,17186222-d08d-4d04-9878-0fac52d2e4e0,موهیتو,,,0,False,
310,dee3952e-eb41-4d6a-b3fd-14e0f180cf6d,7d8b7e8c-3887-4d7c-857d-1cdfa9dd5af9,زعفرون بهارنارنج,,,0,False,
311,1049958f-ed17-44c3-b499-d9d76bee9691,7d8b7e8c-3887-4d7c-857d-1cdfa9dd5af9,کاسنی لیمو,,,0,False,
312,e1d42f84-4208-4b35-871b-88663d10f82a,f547d3b5-4447-48a8-bc97-af1a6fb6ebc9,آیس آمریکانو,,,0,False,
313,f57d70a8-45db-4a39-b3d1-b1cdcb9e7a4b,f547d3b5-4447-48a8-bc97-af1a6fb6ebc9,آیس کارامل ماکیاتو,,,0,False,
314,6eee4499-8db5-4cd1-a2b5-d9100fa7c7a2,f547d3b5-4447-48a8-bc97-af1a6fb6ebc9,آیس لاته,,,0,False,
315,c0ce7bdf-bfef-4800-bd13-e8dc7a6c5764,f547d3b5-4447-48a8-bc97-af1a6fb6ebc9,آیس موکا,,,0,False,
316,b8df8afe-025f-49c8-a5bd-10e04c75d418,a1d75177-6a77-4e67-871e-fcb99084b6ee,کاپوچینو,,,0,False,
317,fb6308d7-91b4-48dd-85e1-22a901eac056,a1d75177-6a77-4e67-871e-fcb99084b6ee,یونانی,,,0,False,
318,3ed0aed9-12dc-4cde-b99d-2513617dcd84,a1d75177-6a77-4e67-871e-fcb99084b6ee,چای,,,0,False,
319,2d450da5-e660-459f-bf04-3088263377c3,a1d75177-6a77-4e67-871e-fcb99084b6ee,کارامل ماکیاتو,,,0,False,
320,3baefab4-ff52-44d2-a20d-4bf3406fdb09,a1d75177-6a77-4e67-871e-fcb99084b6ee,ترک,,,0,False,
321,fb54f134-1ad5-4da1-b988-4e7ba95090a3,a1d75177-6a77-4e67-871e-fcb99084b6ee,اسپرسو,,,0,False,
322,a7944192-5158-434b-8a32-58f2810a9c6b,a1d75177-6a77-4e67-871e-fcb99084b6ee,هات چاکلت,,,0,False,
323,e1f3a850-87b0-4a70-8c30-7a5c27709348,a1d75177-6a77-4e67-871e-fcb99084b6ee,آمریکانو,,,0,False,
324,3a603bb7-e2f7-454f-ab55-8d75a52eb5b1,a1d75177-6a77-4e67-871e-fcb99084b6ee,پینک چاکلت,,,0,False,
325,20d36286-da38-459d-aaff-998b7f4ae970,a1d75177-6a77-4e67-871e-fcb99084b6ee,موکا,,,0,False,
326,91760b4d-82df-4c00-a635-9ddf2f4bbac4,a1d75177-6a77-4e67-871e-fcb99084b6ee,لاته,,,0,False,
327,4d57fca6-3db1-4e51-8764-a27c9a40b8d4,a1d75177-6a77-4e67-871e-fcb99084b6ee,ماسالا,,,0,False,
328,0c22c360-8841-4a5e-b5ae-bffba5680484,a1d75177-6a77-4e67-871e-fcb99084b6ee,مکا,,,0,False,
329,2f7cd347-dd6c-4375-8afa-c9cd3d43f504,a1d75177-6a77-4e67-871e-fcb99084b6ee,اسپرسو ماکیاتو,,,0,False,
330,6d0b9bee-2002-46bd-bb20-2bb88ffc4422,3cd68ad0-6f9c-4c27-b9e4-127da7dccff7,ماست موسیر,ماست موسیر کارخانه ای,12000 تومان ,0,False,
331,00e2f7aa-f704-4962-a737-2fc0f33d197d,3cd68ad0-6f9c-4c27-b9e4-127da7dccff7,زیتون پرورده,زیتون پرورده محلی مخصوص طریقت,60000 تومان ,0,False,
332,f7db9248-f9b2-435a-9dce-8a164a7e3c29,3cd68ad0-6f9c-4c27-b9e4-127da7dccff7,سالاد فصل,کاهو، گوجه گیلاسی، سس تک نفره، خیار، هویج رنده شده,45000 تومان ,0,False,
333,0c2f6a12-24bc-4280-b910-b5ec041d4049,3cd68ad0-6f9c-4c27-b9e4-127da7dccff7,سوپ مخصوص, سوپ تنها ارسال نمیشود با غذا اصلی سفارش دهید,50000 تومان ,0,False,
334,b729e255-97ee-4ddd-a9aa-dc785ad5016e,3cd68ad0-6f9c-4c27-b9e4-127da7dccff7,ماست مخصوص,ماست چکیده، نعنا، کمی خیار خرد شده-کمی پودر گل محمدی,30000 تومان ,0,False,
335,6123b2b3-3979-40b5-850b-2449922e7433,2033ceff-ad00-43c3-b7af-5bdba535da15,خوراک جوجه  ویژه ران,280گرم فیله ران همراه با مخلفات ,115000 تومان ,0,False,
336,2980b279-be6e-4333-9da9-42c6192ae314,2033ceff-ad00-43c3-b7af-5bdba535da15,خوراک کباب چنجه,یک سیخ کباب فیله گوسفندی 250 گرمی، گوجه کبابی، ترشی کلم قرمز، سماق، دو بسته نان و خیارشور، لیمو ترش یا نارنج,230000 تومان ,0,False,
337,69d76581-fddd-4078-b3d5-4381d69d6e22,2033ceff-ad00-43c3-b7af-5bdba535da15,خوراک ماهی قزل آلا,ماهی قزل آلا سرخ شده 400 گرمی، لیموترش یا نارنج، گوجه کبابی، ترشی کلم قرمز، دو بسته نان، خیار شور,130000 تومان ,0,False,
338,6ab07905-57df-4e8b-872f-578bfe34e53f,2033ceff-ad00-43c3-b7af-5bdba535da15,خوراک کباب سلطانی,یک سیخ کباب راسته گوسفندی، یک سیخ کباب کوبیده، ترشی کلم قرمز، لیمو ترش، گوجه کبابی، 2 بسته نان، سماق,250000 تومان ,0,False,
339,86885004-c6ac-4e03-aa0b-673ce4a8b2ff,2033ceff-ad00-43c3-b7af-5bdba535da15,خوراک کباب دیگی,400 گرم گوشت چرخ کرده، گوجه، سیب زمینی، سماق، دو بسته نان,215000 تومان ,0,False,
340,dad9e55e-bace-44a5-ab8b-8462f6683cd9,2033ceff-ad00-43c3-b7af-5bdba535da15,خوراک جوجه فیله,یک سیخ کباب  سینه یا فیله جوجه ،ترشی کلم قرمز، لیمو ترش، گوجه کبابی، دو بسته نان، خیار شور,110000 تومان ,0,False,
341,4eb650d7-0ef7-4850-9fd5-93c7e75c59a4,2033ceff-ad00-43c3-b7af-5bdba535da15,خوراک مرغ (ران),400 گرم ران کامل مرغ، خیار شور، لیموترش یا نارنج، خیار شور، دو بسته نان,85000 تومان ,0,False,
342,d012b970-af11-4ba8-9902-b2b32d2903c5,2033ceff-ad00-43c3-b7af-5bdba535da15,خوراک جوجه کباب با استخوان,یک سیخ کباب مرغ کامل ارگانیک 500 الی 600 گرمی، لیموترش یا نارنج، گوجه کبابی، ترشی کلم قرمز، دو بسته نان، خیار شور,170000 تومان ,0,False,
343,081b4e4a-3d25-4bc3-82a0-bc1203c783f0,2033ceff-ad00-43c3-b7af-5bdba535da15,خوراک کباب برگ مخصوص,یک سیخ کباب راسته گوسفندی 250 گرمی، فلفل کبابی، لیموترش یا نارنج، گوجه کبابی، دو بسته نان، سماق,240000 تومان ,0,False,
344,1645329a-aefc-40da-b970-df506af2327e,2033ceff-ad00-43c3-b7af-5bdba535da15,خوراک کباب لقمه,یک سیخ بزرگ کباب لقمه 250 گرمی، ترشی کلم قرمز، گوجه کبابی، لیموترش، سماق، دو بسته نان، خیار شور,110000 تومان ,0,False,
345,fb574d0b-2c78-4d80-a1f7-e0d986f6af8c,2033ceff-ad00-43c3-b7af-5bdba535da15,خوراک گوشت گردن,700 گرم گوشت گردن گوسفندی، ترشی کلم قرمز، لیموترش یا نارنج، گوجه، خیار شور، دو بسته نان,250000 تومان ,0,False,
346,8f5d8bdc-120b-406c-bd67-e33218e809ad,2033ceff-ad00-43c3-b7af-5bdba535da15,خوراک کباب VIP طریقت,یک تکه کباب راسته گوسفندی، یک تکه فیله یا سینه مرغ، یک تکه کباب کوبیده، ترشی کلم قرمز، لیموترش یا نارنج، گوجه کبابی، سماق، 2 بسته نان، خیارشور,280000 تومان ,0,False,
347,0fd66e69-c26a-46b1-ae7f-eb47b44d2fec,2033ceff-ad00-43c3-b7af-5bdba535da15,خوراک لقمه نگین دار,230گرم گوشت گوسفندی تیکه فیله مرغ,130000 تومان ,0,False,
348,eaeb254f-8582-4631-b42e-eeddda0f333e,2033ceff-ad00-43c3-b7af-5bdba535da15,خوراک کباب شیشلیک شاندیز,یک سیخ کباب شیشلیک راسته گوسفندی 500 گرمی، گوجه، ، پیاز جعفری، دو بسته نان ، لیمو ترش یا نارنج، سماق,320000 تومان ,0,False,
349,d2359765-b463-4468-aa27-0def4b426603,7ea90a61-5ac8-461b-820b-d11fa7aa1ae1,ماهی کبابی,کباب ماهی قزل آلا 400 گرمی، لیمو ترش یا نارنج، گوجه کبابی، دو بسته نان، خیار شور,145000 تومان ,0,False,
350,e791b35c-4865-4a71-8178-48c629b0170c,7ea90a61-5ac8-461b-820b-d11fa7aa1ae1,خوراک ماهی ترش تنوری,ماهی قزل آلا 400 گرمی، رب انار، مغز گردو، طبخ به روش تنوری، نارنج، خیارشور، گوجه کبابی، دو بسته نان,150000 تومان ,0,False,
351,d86367cb-4ff3-47b1-aea7-83c2923d41c8,7ea90a61-5ac8-461b-820b-d11fa7aa1ae1,میرزاقاسمی,گوجه، بادمجان، سیر، تخم مرغ,85000 تومان ,0,False,
352,89432808-cbb3-4d21-a829-8d3298ee69aa,7ea90a61-5ac8-461b-820b-d11fa7aa1ae1,خوراک جوجه ترش,یک سیخ کباب فیله مرغ 300 گرمی، مغز گردو، رب انار، ادویه محلی گیلکی، ترشی کلم قرمز، لیموترش یا نارنج ، گوجه کبابی، دو بسته نان، خیار شور,160000 تومان ,0,False,
353,73848611-7ab7-4eec-b9a9-b3c522d98936,7ea90a61-5ac8-461b-820b-d11fa7aa1ae1,خوراک کباب ترش,یک سیخ کباب فیله گوساله 250 گرمی، مغز گردو، رب انار، ادویه جات گیلکی، ترشی کلم قرمز، لیمو ترش یا نارنج، گوجه کبابی، دو بسته نان، خیار شور,180000 تومان ,0,False,
354,41b119b0-6977-4e36-b104-fd567b60ffce,7ea90a61-5ac8-461b-820b-d11fa7aa1ae1,چلو کره,350 گرم برنج ایرانی درجه یک، کره بسته بندی,50000 تومان ,0,False,
355,44a6255d-e9f5-40dc-82e4-1b9662f29e53,e62e30fa-be15-4f92-958c-ff0a1737fa1d,زرشک پلو با مرغ (ران),1/4 مرغ سرخ شده، یک پرس برنج درجه یک ایرانی 450 گرمی، زرشک,120000 تومان ,0,False,
356,37b99bea-126b-4c3a-8784-491664c37a01,e62e30fa-be15-4f92-958c-ff0a1737fa1d,باقالی پلو با مرغ ,حدود 450 گرم ران مرغ، 450 گرم برنج باقالی پلو,120000 تومان ,0,False,
357,1caeeee8-7e46-40bb-ba35-4e26ac46d968,e62e30fa-be15-4f92-958c-ff0a1737fa1d,باقالی پلو ,,68000 تومان ,0,False,
358,4382457b-cb70-4dd6-a795-66ee5ce6dbe7,e62e30fa-be15-4f92-958c-ff0a1737fa1d,باقالی پلو با گردن,حدود 500 گرم گردن گوسفندی، 400 برنج باقالی پلو,280000 تومان ,0,False,
359,4484843f-ef0a-4238-ac00-8588f4c6bdd1,e62e30fa-be15-4f92-958c-ff0a1737fa1d,باقالا پلو با مرغ (ران),1/4 مرغ سرخ شده، یک پرس برنج ایرانی 350 گرمی,135000 تومان ,0,False,
360,f0b74cc7-68a8-44d1-b9eb-b0224e8269f8,e62e30fa-be15-4f92-958c-ff0a1737fa1d,چلو خورشت روز,چلو خورشت  روز,85000 تومان ,0,False,
361,60b3dc42-fd88-460b-854e-0b8cd51bf59a,e6ea5afe-fec2-4bd2-b2d1-6de79a456cc5,کره,,2000 تومان ,0,False,
362,6a242b39-83cb-417a-bba7-1146f2bd45c8,e6ea5afe-fec2-4bd2-b2d1-6de79a456cc5,قاشق و چنگال,,1500 تومان ,0,False,
363,9f4a43cb-6958-4473-a1e6-5d196e4836a9,e6ea5afe-fec2-4bd2-b2d1-6de79a456cc5,لیمو یا نارنج,,1000 تومان ,0,False,
364,9b34875e-cf52-4ff5-a90d-7374c9ac3ac1,e6ea5afe-fec2-4bd2-b2d1-6de79a456cc5,گوجه کبابی,3 تکه,5000 تومان ,0,False,
365,e9cffc06-a3c6-4da0-a9a1-77aa3534c663,e6ea5afe-fec2-4bd2-b2d1-6de79a456cc5,نان اضافه,,1500 تومان ,0,False,
366,ee9ce433-2574-4d7e-b48a-e98a8889403c,e6ea5afe-fec2-4bd2-b2d1-6de79a456cc5,سماق,,700 تومان ,0,False,
367,1bfc6b6b-7066-4cff-9552-ff2b406bb6bc,e6ea5afe-fec2-4bd2-b2d1-6de79a456cc5,سس تک نفره,,800 تومان ,0,False,
368,22751f70-4102-447a-9864-145a0c6104ec,304c4a5b-5a30-447c-ba71-e6a104e4bc46,چلو کباب لقمه,یک سیخ بزرگ کباب لقمه 250 گرمی، 350 گرم برنج درجه یک پخته شده ایرانی، گوجه، خیار شور، ترشی کلم قرمز، نان بسته بندی، سماق، لیموترش یا نارنج,140000 تومان ,0,False,
369,1a6e43be-f09c-45f6-b18e-22df89dd2bdb,304c4a5b-5a30-447c-ba71-e6a104e4bc46,چلو کباب سلطانی,یک سیخ کباب راسته گوسفندی، یک سیخ کباب کوبیده، 350 گرم برنج درجه یک ایرانی، گوجه، خیارشور، ترشی کلم قرمز، نان بسته بندی، سماق، لیموترش یا نارنج,300000 تومان ,0,False,
370,e5865250-8479-44df-9705-692a8771c733,304c4a5b-5a30-447c-ba71-e6a104e4bc46,چلو جوجه کباب ویژه ران,یک سیخ جوجه ران، یک پرس برنج ایرانی، یک عدد گوجه، یک عدد لیمو یا نارنج، خیارشور، پیاز جعفری,140000 تومان ,0,False,
371,411c8e5e-1187-4bc0-b4ca-ac223a597abf,304c4a5b-5a30-447c-ba71-e6a104e4bc46,چلوکره,350 گرم برنج ایرانی درجه یک، کره بسته بندی,50000 تومان ,0,False,
372,6f896b62-97bf-4e94-8ebb-b3964ebcaf37,304c4a5b-5a30-447c-ba71-e6a104e4bc46,چلو خورشت فسنجان با مرغ,350 گرم برنج ایرانی اعلا، 400 گرم خورشت فسنجان مرغ,110000 تومان ,0,False,
373,4652c1d7-0a5c-461b-a34e-2ee288143a0a,0a55fa45-810e-462f-907b-156db53f7cb9,آب معدنی کوچک,0.5 لیتر,,0,False,
374,cf8ffe05-59aa-4d14-9602-57cccf2356ff,0a55fa45-810e-462f-907b-156db53f7cb9,ماءالشعیر قوطی,330 میلی لیتر,,0,False,
375,ad0bb979-73e0-4090-b0cf-58bd872ece76,0a55fa45-810e-462f-907b-156db53f7cb9,نوشابه قوطی,330 میلی لیتر,,0,False,
376,7b07f241-951e-4d02-9679-e273e89a7960,0a55fa45-810e-462f-907b-156db53f7cb9,دوغ محلی خانواده طریقت,1.5 لیتر,,0,False,
377,d30513e9-f279-4a7e-9fbf-eebbe6ef97da,0a55fa45-810e-462f-907b-156db53f7cb9,نوشابه خانواده,1.5 لیتر,,0,False,
378,57506b8f-a445-452c-bc26-ff7d576bea47,0a55fa45-810e-462f-907b-156db53f7cb9,دوغ قوطی,330 میلی لیتر,,0,False,
